<?xml version="1.0" encoding="UTF-8"?>
<mule xmlns:vm="http://www.mulesoft.org/schema/mule/vm"
	xmlns:tracking="http://www.mulesoft.org/schema/mule/ee/tracking" xmlns:metadata="http://www.mulesoft.org/schema/mule/metadata" xmlns:api-platform-gw="http://www.mulesoft.org/schema/mule/api-platform-gw"
	xmlns:dw="http://www.mulesoft.org/schema/mule/ee/dw"
	xmlns:doc="http://www.mulesoft.org/schema/mule/documentation" xmlns="http://www.mulesoft.org/schema/mule/core" xmlns:apikit="http://www.mulesoft.org/schema/mule/apikit" xmlns:http="http://www.mulesoft.org/schema/mule/http" xmlns:spring="http://www.springframework.org/schema/beans" xmlns:xsi="http://www.w3.org/2001/XMLSchema-instance" xsi:schemaLocation="http://www.mulesoft.org/schema/mule/vm http://www.mulesoft.org/schema/mule/vm/current/mule-vm.xsd
http://www.mulesoft.org/schema/mule/api-platform-gw http://www.mulesoft.org/schema/mule/api-platform-gw/current/mule-api-platform-gw.xsd
http://www.mulesoft.org/schema/mule/ee/dw http://www.mulesoft.org/schema/mule/ee/dw/current/dw.xsd
http://www.mulesoft.org/schema/mule/core http://www.mulesoft.org/schema/mule/core/current/mule.xsd
http://www.mulesoft.org/schema/mule/http http://www.mulesoft.org/schema/mule/http/current/mule-http.xsd
http://www.mulesoft.org/schema/mule/apikit http://www.mulesoft.org/schema/mule/apikit/current/mule-apikit.xsd
http://www.springframework.org/schema/beans http://www.springframework.org/schema/beans/spring-beans-3.1.xsd
http://www.mulesoft.org/schema/mule/ee/tracking http://www.mulesoft.org/schema/mule/ee/tracking/current/mule-tracking-ee.xsd">
    
    <apikit:config name="api-config" raml="api.raml" consoleEnabled="false" doc:name="Router"/>
    
   <api-platform-gw:api apiName="${twitter.mule.env.raml.title}" version="1" flowRef="api-main" create="true" doc:name="API Autodiscovery"/> 
    
    <flow name="api-main">
        <http:listener config-ref="api-httpListenerConfig" path="/api/*" doc:name="HTTP"/>
        <apikit:router config-ref="api-config" doc:name="APIkit Router"/>
        <exception-strategy ref="api-apiKitGlobalExceptionMapping" doc:name="Reference Exception Strategy"/>
    </flow>
    
    <flow name="api-console">
        <http:listener config-ref="api-httpListenerConfig" path="/console/*" doc:name="HTTP"/>
        <apikit:console config-ref="api-config" doc:name="APIkit Console"/>
    </flow>
    
    <flow name="post:/settings:api-config">
        <flow-ref name="postIntegrationSettingsFlow" doc:name="postIntegrationSettingsFlow"/>
        <choice-exception-strategy doc:name="Choice Exception Strategy">
            <catch-exception-strategy when="#[exception.causedBy(org.mule.api.expression.ExpressionRuntimeException)||exception.causedBy(org.mule.api.MuleRuntimeException)]" doc:name="Runtime Exception Strategy">
                <logger message="In Runtime Exception Strategy" level="INFO" doc:name="Logger"/>
                <set-variable variableName="ExceptionuserId" value="#[flowVars.tokenValue.userId]" doc:name="Variable"/>
                <set-variable variableName="exceptionMessage" value="#[exception.cause.message]" doc:name="Exception Message"/>
                <dw:transform-message doc:name="Build Logging Input Message">
                    <dw:set-variable resource="classpath:dwScripts/buildExceptionLoggingRequest.dwl" variableName="result"/>

                </dw:transform-message>

                <flow-ref name="coreServicesLoggingFlow" doc:name="coreServicesLoggingFlow"/>
                <dw:transform-message doc:name="Build Alert Input Message">
                    <dw:set-payload resource="classpath:dwScripts/buildAlertRuntimeExceptionRequest.dwl"/>

                </dw:transform-message>
                <flow-ref name="coreServicesAlertsFlow" doc:name="coreServicesAlertsFlow"/>
            </catch-exception-strategy>
            <catch-exception-strategy when="#[exception.causedBy(org.mule.module.http.internal.request.ResponseValidatorException)]" doc:name="HTTP Validator Exception Strategy">
            <logger message="In Runtime Exception Strategy" level="INFO" doc:name="Logger"/>
                <set-variable variableName="ExceptionuserId" value="#[flowVars.tokenValue.userId]" doc:name="Variable"/>
                <set-variable variableName="exceptionMessage" value="#[exception.message]" doc:name="Exception Message"/>
                <dw:transform-message doc:name="Build Logging Input Message">
                    <dw:set-variable resource="classpath:dwScripts/buildExceptionLoggingRequest.dwl" variableName="result"/>

                </dw:transform-message>

                <flow-ref name="coreServicesLoggingFlow" doc:name="coreServicesLoggingFlow"/>
                <dw:transform-message doc:name="Build Alert Input Message">
                    <dw:set-payload resource="classpath:dwScripts/buildAlertHttpValidatorExceptionRequest.dwl"/>

                </dw:transform-message>
                <flow-ref name="coreServicesAlertsFlow" doc:name="coreServicesAlertsFlow"/>
            </catch-exception-strategy>
        </choice-exception-strategy>
        
    </flow>
    
    <flow name="post:/authDetails:api-config">
        <flow-ref name="postAuthDetailsFlow" doc:name="postAuthDetailsFlow"/>
           <choice-exception-strategy doc:name="Choice Exception Strategy">
            <catch-exception-strategy when="#[exception.causedBy(org.mule.api.expression.ExpressionRuntimeException)||exception.causedBy(org.mule.api.MuleRuntimeException)]" doc:name="Runtime Exception Strategy">
                <logger message="In Runtime Exception Strategy" level="INFO" doc:name="Logger"/>
                <set-variable variableName="exceptionMessage" value="#[exception.cause.message]" doc:name="Exception Message"/>
                <dw:transform-message doc:name="Build Logging Input Message">
                    <dw:set-variable resource="classpath:dwScripts/buildExceptionLoggingRequest.dwl" variableName="result"/>

                </dw:transform-message>

                <flow-ref name="coreServicesLoggingFlow" doc:name="coreServicesLoggingFlow"/>
                <dw:transform-message doc:name="Build Alert Input Message">
                    <dw:set-payload resource="classpath:dwScripts/buildAlertRuntimeExceptionRequest.dwl"/>

                </dw:transform-message>
                <flow-ref name="coreServicesAlertsFlow" doc:name="coreServicesAlertsFlow"/>
            </catch-exception-strategy>
            <catch-exception-strategy when="#[exception.causedBy(org.mule.module.http.internal.request.ResponseValidatorException)]" doc:name="HTTP Validator Exception Strategy">
            <logger message="In Runtime Exception Strategy" level="INFO" doc:name="Logger"/>
                <set-variable variableName="exceptionMessage" value="#[exception.message]" doc:name="Exception Message"/>
                <dw:transform-message doc:name="Build Logging Input Message">
                    <dw:set-variable resource="classpath:dwScripts/buildExceptionLoggingRequest.dwl" variableName="result"/>

                </dw:transform-message>

                <flow-ref name="coreServicesLoggingFlow" doc:name="coreServicesLoggingFlow"/>
                <dw:transform-message doc:name="Build Alert Input Message">
                    <dw:set-payload resource="classpath:dwScripts/buildAlertHttpValidatorExceptionRequest.dwl"/>

                </dw:transform-message>
                <flow-ref name="coreServicesAlertsFlow" doc:name="coreServicesAlertsFlow"/>
            </catch-exception-strategy>
        </choice-exception-strategy>
    </flow>
    
    <flow name="post:/formatMessage:api-config">
        <flow-ref name="postFormatMessageFlow" doc:name="postFormatMessageFlow"/>
        <choice-exception-strategy doc:name="Choice Exception Strategy">
            <catch-exception-strategy when="#[exception.causedBy(org.mule.api.expression.ExpressionRuntimeException)||exception.causedBy(org.mule.api.MuleRuntimeException)]" doc:name="Runtime Exception Strategy">
                <logger message="In Runtime Exception Strategy" level="INFO" doc:name="Logger"/>
                <set-variable variableName="ExceptionuserId" value="#[flowVars.tokenValue.userId]" doc:name="ExceptionuserId"/>
                <set-variable variableName="exceptionMessage" value="#[exception.cause.message]" doc:name="Exception Message"/>
                <dw:transform-message doc:name="Build Logging Input Message">
                    <dw:set-variable resource="classpath:dwScripts/buildExceptionLoggingRequest.dwl" variableName="result"/>

                </dw:transform-message>

                <flow-ref name="coreServicesLoggingFlow" doc:name="coreServicesLoggingFlow"/>
                <dw:transform-message doc:name="Build Alert Input Message">
                    <dw:set-payload resource="classpath:dwScripts/buildAlertRuntimeExceptionRequest.dwl"/>

                </dw:transform-message>
                <flow-ref name="coreServicesAlertsFlow" doc:name="coreServicesAlertsFlow"/>
            </catch-exception-strategy>
            <catch-exception-strategy when="#[exception.causedBy(org.mule.module.http.internal.request.ResponseValidatorException)]" doc:name="HTTP Validator Exception Strategy">
            <logger message="In Runtime Exception Strategy" level="INFO" doc:name="Logger"/>
                <set-variable variableName="ExceptionuserId" value="#[flowVars.tokenValue.userId]" doc:name="ExceptionuserId"/>
                <set-variable variableName="exceptionMessage" value="#[exception.message]" doc:name="Exception Message"/>
                <dw:transform-message doc:name="Build Logging Input Message">
                    <dw:set-variable resource="classpath:dwScripts/buildExceptionLoggingRequest.dwl" variableName="result"/>

                </dw:transform-message>

                <flow-ref name="coreServicesLoggingFlow" doc:name="coreServicesLoggingFlow"/>
                <dw:transform-message doc:name="Build Alert Input Message">
                    <dw:set-payload resource="classpath:dwScripts/buildAlertHttpValidatorExceptionRequest.dwl"/>

                </dw:transform-message>
                <flow-ref name="coreServicesAlertsFlow" doc:name="coreServicesAlertsFlow"/>
            </catch-exception-strategy>
        </choice-exception-strategy>
        
      </flow>
    
    <flow name="post:/setupIntegration:api-config">
        <flow-ref name="setupIntegrationFlow" doc:name="setupIntegrationFlow"/>
        <choice-exception-strategy doc:name="Choice Exception Strategy">
            <catch-exception-strategy when="#[exception.causedBy(org.mule.api.expression.ExpressionRuntimeException)||exception.causedBy(org.mule.api.MuleRuntimeException)]" doc:name="Runtime Exception Strategy">
                <logger message="In Runtime Exception Strategy" level="INFO" doc:name="Logger"/>
                <set-variable variableName="ExceptionuserId" value="#[flowVars.tokenValue.userId]" doc:name="ExceptionuserId"/>
                <set-variable variableName="exceptionMessage" value="#[exception.cause.message]" doc:name="Exception Message"/>
                <dw:transform-message doc:name="Build Logging Input Message">
                    <dw:set-variable resource="classpath:dwScripts/buildExceptionLoggingRequest.dwl" variableName="result"/>

                </dw:transform-message>

                <flow-ref name="coreServicesLoggingFlow" doc:name="coreServicesLoggingFlow"/>
                <dw:transform-message doc:name="Build Alert Input Message">
                    <dw:set-payload resource="classpath:dwScripts/buildAlertRuntimeExceptionRequest.dwl"/>

                </dw:transform-message>
                <flow-ref name="coreServicesAlertsFlow" doc:name="coreServicesAlertsFlow"/>
            </catch-exception-strategy>
            <catch-exception-strategy when="#[exception.causedBy(org.mule.module.http.internal.request.ResponseValidatorException)]" doc:name="HTTP Validator Exception Strategy">
            <logger message="In Runtime Exception Strategy" level="INFO" doc:name="Logger"/>
                <set-variable variableName="ExceptionuserId" value="#[flowVars.tokenValue.userId]" doc:name="ExceptionuserId"/>
                <set-variable variableName="exceptionMessage" value="#[exception.message]" doc:name="Exception Message"/>
                <dw:transform-message doc:name="Build Logging Input Message">
                    <dw:set-variable resource="classpath:dwScripts/buildExceptionLoggingRequest.dwl" variableName="result"/>

                </dw:transform-message>

                <flow-ref name="coreServicesLoggingFlow" doc:name="coreServicesLoggingFlow"/>
                <dw:transform-message doc:name="Build Alert Input Message">
                    <dw:set-payload resource="classpath:dwScripts/buildAlertHttpValidatorExceptionRequest.dwl"/>

                </dw:transform-message>
                <flow-ref name="coreServicesAlertsFlow" doc:name="coreServicesAlertsFlow"/>
            </catch-exception-strategy>
        </choice-exception-strategy>
        
       </flow>
    <flow name="post:/updateIntegration:api-config">
        <flow-ref name="updateIntegrationFlow" doc:name="updateIntegrationFlow"/>
        <choice-exception-strategy doc:name="Choice Exception Strategy">
            <catch-exception-strategy when="#[exception.causedBy(org.mule.api.expression.ExpressionRuntimeException)||exception.causedBy(org.mule.api.MuleRuntimeException)]" doc:name="Runtime Exception Strategy">
                <logger message="In Runtime Exception Strategy" level="INFO" doc:name="Logger"/>
                <set-variable variableName="ExceptionuserId" value="#[flowVars.user_id]" doc:name="ExceptionuserId"/>
                <set-variable variableName="exceptionMessage" value="#[exception.cause.message]" doc:name="Exception Message"/>
                <dw:transform-message doc:name="Build Logging Input Message">
                    <dw:set-variable resource="classpath:dwScripts/buildExceptionLoggingRequest.dwl" variableName="result"/>

                </dw:transform-message>

                <flow-ref name="coreServicesLoggingFlow" doc:name="coreServicesLoggingFlow"/>
                <dw:transform-message doc:name="Build Alert Input Message">
                    <dw:set-payload resource="classpath:dwScripts/buildAlertRuntimeExceptionRequest.dwl"/>

                </dw:transform-message>
                <flow-ref name="coreServicesAlertsFlow" doc:name="coreServicesAlertsFlow"/>
            </catch-exception-strategy>
            <catch-exception-strategy when="#[exception.causedBy(org.mule.module.http.internal.request.ResponseValidatorException)]" doc:name="HTTP Validator Exception Strategy">
            <logger message="In Runtime Exception Strategy" level="INFO" doc:name="Logger"/>
                <set-variable variableName="ExceptionuserId" value="#[flowVars.user_id]" doc:name="ExceptionuserId"/>
                <set-variable variableName="exceptionMessage" value="#[exception.message]" doc:name="Exception Message"/>
                <dw:transform-message doc:name="Build Logging Input Message">
                    <dw:set-variable resource="classpath:dwScripts/buildExceptionLoggingRequest.dwl" variableName="result"/>

                </dw:transform-message>

                <flow-ref name="coreServicesLoggingFlow" doc:name="coreServicesLoggingFlow"/>
                <dw:transform-message doc:name="Build Alert Input Message">
                    <dw:set-payload resource="classpath:dwScripts/buildAlertHttpValidatorExceptionRequest.dwl"/>

                </dw:transform-message>
                <flow-ref name="coreServicesAlertsFlow" doc:name="coreServicesAlertsFlow"/>
            </catch-exception-strategy>
        </choice-exception-strategy>
        
    </flow>
    
    <flow name="post:/tearDownIntegration:api-config">
        <flow-ref name="tearDownIntegrationFlow" doc:name="tearDownIntegrationFlow"/>
        <choice-exception-strategy doc:name="Choice Exception Strategy">
            <catch-exception-strategy when="#[exception.causedBy(org.mule.api.expression.ExpressionRuntimeException)||exception.causedBy(org.mule.api.MuleRuntimeException)]" doc:name="Runtime Exception Strategy">
                <logger message="In Runtime Exception Strategy" level="INFO" doc:name="Logger"/>
                <set-variable variableName="ExceptionuserId" value="#[flowVars.user_id]" doc:name="ExceptionuserId"/>
                <set-variable variableName="exceptionMessage" value="#[exception.cause.message]" doc:name="Exception Message"/>
                <dw:transform-message doc:name="Build Logging Input Message">
                    <dw:set-variable resource="classpath:dwScripts/buildExceptionLoggingRequest.dwl" variableName="result"/>

                </dw:transform-message>

                <flow-ref name="coreServicesLoggingFlow" doc:name="coreServicesLoggingFlow"/>
                <dw:transform-message doc:name="Build Alert Input Message">
                    <dw:set-payload resource="classpath:dwScripts/buildAlertRuntimeExceptionRequest.dwl"/>

                </dw:transform-message>
                <flow-ref name="coreServicesAlertsFlow" doc:name="coreServicesAlertsFlow"/>
            </catch-exception-strategy>
            <catch-exception-strategy when="#[exception.causedBy(org.mule.module.http.internal.request.ResponseValidatorException)]" doc:name="HTTP Validator Exception Strategy">
            <logger message="In Runtime Exception Strategy" level="INFO" doc:name="Logger"/>
                <set-variable variableName="ExceptionuserId" value="#[flowVars.user_id]" doc:name="ExceptionuserId"/>
                <set-variable variableName="exceptionMessage" value="#[exception.message]" doc:name="Exception Message"/>
                <dw:transform-message doc:name="Build Logging Input Message">
                    <dw:set-variable resource="classpath:dwScripts/buildExceptionLoggingRequest.dwl" variableName="result"/>

                </dw:transform-message>

                <flow-ref name="coreServicesLoggingFlow" doc:name="coreServicesLoggingFlow"/>
                <dw:transform-message doc:name="Build Alert Input Message">
                    <dw:set-payload resource="classpath:dwScripts/buildAlertHttpValidatorExceptionRequest.dwl"/>

                </dw:transform-message>
                <flow-ref name="coreServicesAlertsFlow" doc:name="coreServicesAlertsFlow"/>
            </catch-exception-strategy>
        </choice-exception-strategy>
        
      </flow>

    <flow name="post:/healthCheck:api-config">
        <flow-ref name="healthCheckFlow" doc:name="healthCheckFlow"/>
        <choice-exception-strategy doc:name="Choice Exception Strategy">
            <catch-exception-strategy when="#[exception.causedBy(org.mule.api.expression.ExpressionRuntimeException)||exception.causedBy(org.mule.api.MuleRuntimeException)]" doc:name="Runtime Exception Strategy">
                <logger message="In Runtime Exception Strategy" level="INFO" doc:name="Logger"/>
                <set-variable variableName="ExceptionuserId" value="#[flowVars.check.userId]" doc:name="UserId"/>
                <set-variable variableName="exceptionMessage" value="#[exception.cause.message]" doc:name="Exception Message"/>
                <dw:transform-message doc:name="Build Logging Input Message">
                    <dw:set-variable resource="classpath:dwScripts/buildExceptionLoggingRequest.dwl" variableName="result"/>

                </dw:transform-message>

                <flow-ref name="coreServicesLoggingFlow" doc:name="coreServicesLoggingFlow"/>
                <dw:transform-message doc:name="Build Alert Input Message">
                    <dw:set-payload resource="classpath:dwScripts/buildAlertRuntimeExceptionRequest.dwl"/>

                </dw:transform-message>
                <flow-ref name="coreServicesAlertsFlow" doc:name="coreServicesAlertsFlow"/>
            </catch-exception-strategy>
            <catch-exception-strategy when="#[exception.causedBy(org.mule.module.http.internal.request.ResponseValidatorException)]" doc:name="HTTP Validator Exception Strategy">
            <logger message="In Runtime Exception Strategy" level="INFO" doc:name="Logger"/>
                <set-variable variableName="ExceptionuserId" value="#[flowVars.check.userId]" doc:name="UserId"/>
                <set-variable variableName="exceptionMessage" value="#[exception.message]" doc:name="Exception Message"/>
                <dw:transform-message doc:name="Build Logging Input Message">
                    <dw:set-variable resource="classpath:dwScripts/buildExceptionLoggingRequest.dwl" variableName="result"/>

                </dw:transform-message>

                <flow-ref name="coreServicesLoggingFlow" doc:name="coreServicesLoggingFlow"/>
                <dw:transform-message doc:name="Build Alert Input Message">
                    <dw:set-payload resource="classpath:dwScripts/buildAlertHttpValidatorExceptionRequest.dwl"/>

                </dw:transform-message>
                <flow-ref name="coreServicesAlertsFlow" doc:name="coreServicesAlertsFlow"/>
            </catch-exception-strategy>
        </choice-exception-strategy>
        
    </flow>
    <flow name="apiFlowForPoolingEvents">
        <poll doc:name="Poll">
            <fixed-frequency-scheduler frequency="2" timeUnit="MINUTES"/>
            <logger message="Poll Started" level="INFO" doc:name="Logger"/>
        </poll>

		<http:request config-ref="Http_Runtime" path="/integrations/instances" method="GET" doc:name="HTTP">
			<http:request-builder>
                <http:query-param paramName="integrationId" value="${twitter.integrationId}"/>
                <http:query-param paramName="status" value="ACTIVE"/>
                <http:query-param paramName="client_id" value="${runtime.clientidenforcement.id}"/>
                <http:query-param paramName="client_secret" value="${runtime.clientidenforcement.secret}"/>



			</http:request-builder>
		</http:request>
		<dw:transform-message doc:name="Transform Message">
            <dw:set-variable variableName="userList"><![CDATA[%dw 1.0
%output application/java
---
payload]]></dw:set-variable>


		</dw:transform-message>
        <logger message="UserId lists are:#[flowVars['userList']]" level="DEBUG" doc:name="Logger"/>
        <set-session-variable variableName="maap" value="#[new java.util.HashMap()]" doc:name="Session Variable"/>
        <choice doc:name="Choice">
        <when expression="#[flowVars.userList.message!='No results']">
        <foreach collection="#[flowVars.userList]" doc:name="For Each">
            <choice doc:name="Choice">
                <when expression="#[maap.containsKey(payload.userId)]">
                    <expression-component doc:name="Expression To Appand Element"><![CDATA[maap.get(payload.userId).add(payload)]]></expression-component>
                </when>
                <otherwise>
                    <set-variable variableName="uuidList" value="#[new java.util.ArrayList()]" doc:name="Create UUID List"/>
                    <expression-component doc:name="Expression"><![CDATA[uuidList.add(payload);
maap.put(payload.userId,uuidList)]]></expression-component>
                </otherwise>
            </choice>
        </foreach>
                <set-variable variableName="userIdSet" value="#[sessionVars.maap.keySet()]" doc:name="Set userIdSet"/>
                <set-variable variableName="userIds" value="#[new java.util.ArrayList()]" doc:name="Set UserIds"/>
                <expression-component doc:name="Add all userIds to list UserIds"><![CDATA[userIds.addAll(flowVars.userIdSet);]]></expression-component>
                <foreach collection="#[flowVars.userIds]" doc:name="For Each">
                    <set-session-variable variableName="userId" value="#[payload]" doc:name="Set userId"/>
                    <vm:outbound-endpoint exchange-pattern="one-way" path="twitterPollCallingFlow"  doc:name="VM"/>
                </foreach>



		<logger message="Pooling Completed" level="INFO" doc:name="Logger" />
        </when>
        <otherwise>
                <logger message="No Instances To process" level="INFO" doc:name="Logger"/>
            </otherwise>
        </choice>



	</flow>
    
    <apikit:mapping-exception-strategy name="api-apiKitGlobalExceptionMapping">
        <apikit:mapping statusCode="404">
            <apikit:exception value="org.mule.module.apikit.exception.NotFoundException" />
            <set-property propertyName="Content-Type" value="application/json" doc:name="Property"/>
            <set-payload value="{ &quot;message&quot;: &quot;Resource not found&quot; }" doc:name="Set Payload"/>
        </apikit:mapping>
        <apikit:mapping statusCode="405">
            <apikit:exception value="org.mule.module.apikit.exception.MethodNotAllowedException" />
            <set-property propertyName="Content-Type" value="application/json" doc:name="Property"/>
            <set-payload value="{ &quot;message&quot;: &quot;Method not allowed&quot; }" doc:name="Set Payload"/>
        </apikit:mapping>
        <apikit:mapping statusCode="415">
            <apikit:exception value="org.mule.module.apikit.exception.UnsupportedMediaTypeException" />
            <set-property propertyName="Content-Type" value="application/json" doc:name="Property"/>
            <set-payload value="{ &quot;message&quot;: &quot;Unsupported media type&quot; }" doc:name="Set Payload"/>
        </apikit:mapping>
        <apikit:mapping statusCode="406">
            <apikit:exception value="org.mule.module.apikit.exception.NotAcceptableException" />
            <set-property propertyName="Content-Type" value="application/json" doc:name="Property"/>
            <set-payload value="{ &quot;message&quot;: &quot;Not acceptable&quot; }" doc:name="Set Payload"/>
        </apikit:mapping>
        <apikit:mapping statusCode="400">
            <apikit:exception value="org.mule.module.apikit.exception.BadRequestException" />
            <set-property propertyName="Content-Type" value="application/json" doc:name="Property"/>
            <set-payload value="{ &quot;message&quot;: &quot;Bad request&quot; }" doc:name="Set Payload"/>
        </apikit:mapping>
        <apikit:mapping statusCode="500">
            <apikit:exception value="java.lang.Exception" />
            <flow-ref name="coreServicesLoggingFlow" doc:name="coreServicesLoggingFlow"/>
            <set-variable variableName="exceptionDetails" value="#[exception]" doc:name="Store Exception"/>
            <dw:transform-message doc:name="Build Error">
                <dw:set-payload resource="classpath:dwScripts/buildError500.dwl"/>
            </dw:transform-message>        
        </apikit:mapping>
    </apikit:mapping-exception-strategy>
</mule>
