{
	"hookResponse" :{
  "Envelope": {
    "Body": {
      "DocuSignConnectUpdate": {
        "DocuSignEnvelopeInformation": {
          "EnvelopeStatus": {
            "RecipientStatuses": {
              "RecipientStatus": {
                "Type": "Signer",
                "Email": "ravindra.eidiko3@gmail.com",
                "UserName": "ravi",
                "RoutingOrder": "1",
                "Sent": "2016-12-05T22:14:53.733",
                "Delivered": "2016-12-05T22:24:38.363",
                "Signed": "2016-12-05T22:24:43.38",
                "DeclineReason": "",
                "Status": "Completed",
                "RecipientIPAddress": "183.82.99.100",
                "CustomFields": "",
                "TabStatuses": {
                  "TabStatus": {
                    "TabType": "SignHere",
                    "Status": "Signed",
                    "XPosition": "681",
                    "YPosition": "473",
                    "TabLabel": "Signature f9c16bfb-3fdb-45c7-bed5-bd0f3d2cf66a",
                    "TabName": "SignHere",
                    "TabValue": "",
                    "DocumentID": "32587687",
                    "PageNumber": "1"
                  }
                },
                "AccountStatus": "Active",
                "RecipientId": "bba0fb15-007b-4eb7-b578-bf9c62322cef"
              }
            },
            "TimeGenerated": "2016-12-05T22:24:59.2516905",
            "EnvelopeID": "6f5036c9-58bc-4af2-9f58-e4b1f5f3c778",
            "Subject": "Please DocuSign: 4.6Mb.pdf",
            "UserName": "ravindra jagannadula",
            "Email": "ravindra.eidiko@gmail.com",
            "Status": "Completed",
            "Created": "2016-12-05T22:13:56.137",
            "Sent": "2016-12-05T22:14:53.827",
            "Delivered": "2016-12-05T22:24:38.55",
            "Signed": "2016-12-05T22:24:43.393",
            "Completed": "2016-12-05T22:24:43.393",
            "ACStatus": "Original",
            "ACStatusDate": "2016-12-05T22:13:56.137",
            "ACHolder": "ravindra jagannadula",
            "ACHolderEmail": "ravindra.eidiko@gmail.com",
            "ACHolderLocation": "DocuSign",
            "SigningLocation": "Online",
            "SenderIPAddress": "10.101.101.11  ",
            "EnvelopePDFHash": "",
            "CustomFields": {
              "CustomField": {
                "Name": "AccountId",
                "Show": "false",
                "Required": "false",
                "Value": "1790096",
                "CustomFieldType": "Text"
              },
              "CustomField": {
                "Name": "AccountName",
                "Show": "false",
                "Required": "false",
                "Value": "ravindrajagannadula",
                "CustomFieldType": "Text"
              },
              "CustomField": {
                "Name": "AccountSite",
                "Show": "false",
                "Required": "false",
                "Value": "demo",
                "CustomFieldType": "Text"
              }
            },
            "AutoNavigation": "true",
            "EnvelopeIdStamping": "true",
            "AuthoritativeCopy": "false",
            "DocumentStatuses": {
              "DocumentStatus": {
                "ID": "32587687",
                "Name": "4.6Mb.pdf",
                "TemplateName": "",
                "Sequence": "1"
              }
            }
          },
          "DocumentPDFs": {
            "DocumentPDF": {
              "Name": "4.6Mb.pdf",
              "PDFBytes": "JVBERi0x",
              "DocumentID": "32587687",
              "DocumentType": "CONTENT"
            }
            
          },
          "TimeZone": "Pacific Standard Time",
          "TimeZoneOffset": "-8"
        }
      }
    }
  }
}
}