<?xml version="1.0" encoding="UTF-8"?>

<mule xmlns:db="http://www.mulesoft.org/schema/mule/db" xmlns:json="http://www.mulesoft.org/schema/mule/json" xmlns:metadata="http://www.mulesoft.org/schema/mule/metadata" xmlns:http="http://www.mulesoft.org/schema/mule/http" xmlns:dw="http://www.mulesoft.org/schema/mule/ee/dw" xmlns:tracking="http://www.mulesoft.org/schema/mule/ee/tracking" xmlns="http://www.mulesoft.org/schema/mule/core" xmlns:doc="http://www.mulesoft.org/schema/mule/documentation"
	xmlns:spring="http://www.springframework.org/schema/beans" 
	xmlns:xsi="http://www.w3.org/2001/XMLSchema-instance"
	xsi:schemaLocation="http://www.springframework.org/schema/beans http://www.springframework.org/schema/beans/spring-beans-current.xsd
http://www.mulesoft.org/schema/mule/core http://www.mulesoft.org/schema/mule/core/current/mule.xsd
http://www.mulesoft.org/schema/mule/ee/tracking http://www.mulesoft.org/schema/mule/ee/tracking/current/mule-tracking-ee.xsd
http://www.mulesoft.org/schema/mule/ee/dw http://www.mulesoft.org/schema/mule/ee/dw/current/dw.xsd
http://www.mulesoft.org/schema/mule/http http://www.mulesoft.org/schema/mule/http/current/mule-http.xsd
http://www.mulesoft.org/schema/mule/json http://www.mulesoft.org/schema/mule/json/current/mule-json.xsd
http://www.mulesoft.org/schema/mule/db http://www.mulesoft.org/schema/mule/db/current/mule-db.xsd">
   <spring:beans>
    	<spring:bean id="creatingpdf" class="com.docusign.pdffile.PdfFileConversion"/>
        <spring:bean id="MultipleUser" class="com.spark.docusign.JsonRead"/>
        <spring:bean id="SecurityEnabled" class="com.spark.docusign.JsonReading"/>
        <spring:bean id="objectStore" class="org.mule.util.store.SimpleMemoryObjectStore" />
   </spring:beans>
    <db:mysql-config name="MySQL_Configuration" host="esicisco01-cluster.cluster-cuo0m3jbteh8.us-east-1.rds.amazonaws.com" port="5613" user="mulesoft" password="eidiko10" database="SPARKDB-TEST" doc:name="MySQL Configuration"/>
    <http:request-config name="HTTP_RunTime_Configuration" protocol="HTTPS" host="${integrations.runtime.host}" port="${integrations.runtime.port}" basePath="${integrations.runtime.path}" doc:name="HTTP Request Configuration"/>
    <db:mysql-config name="MySQL_Prod" host="sparkdbcluster.cluster-cuo0m3jbteh8.us-east-1.rds.amazonaws.com" port="3306" user="eidikodbadmin" password="E1d1k0sys321" database="sparkdb" doc:name="MySQL Configuration"/>
    <flow name="postAuthDetailsFlow">
       <dw:transform-message doc:name="Transform Payload to Java">
            <dw:set-payload resource="classpath:dwScripts/fromPayloadToJava.dwl"/>
        </dw:transform-message>
    </flow>

	<flow name="postFormatMessageFlow">
        <object-to-string-transformer doc:name="Object to String"/>
        <logger message="Input from the Managemet:::::#[message.payloadAs(java.lang.String)]" level="INFO" doc:name="Logger"/>
        <choice doc:name="Choice">
            <when expression="#[json:hookResponse/Envelope!=empty] ">
                <invoke name="UpdateConnect" object-ref="SecurityEnabled" method="formatStringtoValidJson" methodArguments="#[payload]" methodArgumentTypes="java.lang.String" doc:name="Invoke"/>

                <dw:transform-message doc:name="Transform Message">
                    <dw:set-variable variableName="response" resource="classpath:dwScripts/fromPayloadToJava.dwl"/>
                </dw:transform-message>
                <set-payload value="#[flowVars.response.hookResponse.Envelope.Body.DocuSignConnectUpdate]" doc:name="Set Payload"/>
                <set-variable variableName="['response']['hookResponse']" value="#[payload]" doc:name="Variable"/>
                <flow-ref name="docusignSetVariablesFlow" doc:name="docusignSetVariablesFlow"/>
                <foreach collection="#[flowVars.response.hookResponse.Envelope.Body.DocuSignConnectUpdate.DocuSignEnvelopeInformation.DocumentPDFs]" doc:name="For Each">
                    <expression-component doc:name="Expression"><![CDATA[pdfByteName.add(payload.PDFBytes);
pdfByteType.add(payload.DocumentType);]]></expression-component>
                </foreach>

                <foreach doc:name="For Each" collection="#[flowVars.response.hookResponse.Envelope.Body.DocuSignConnectUpdate.DocuSignEnvelopeInformation.EnvelopeStatus.RecipientStatuses]">

                    <set-variable doc:name="UserTabStatus" value="#[payload]" variableName="Tab"/>
                    <foreach doc:name="For Each" collection="#[payload.TabStatuses]">

                        <expression-component doc:name="Expression"><![CDATA[TabStatusName.add(payload.TabType);]]></expression-component>
                    </foreach>
                    <expression-component doc:name="Expression"><![CDATA[flowVars.b="sample";
flowVars.b=flowVars.b.toString().concat('**'+flowVars.Tab.UserName+'**');
flowVars.b=flowVars.b.replace('sample','');

flowVars.a=flowVars.b.concat(' ('+flowVars.Tab.Email+')');
UsernamesforTabes.put(flowVars.a,flowVars.TabStatusName);]]></expression-component>
                </foreach>
                <foreach collection="#[flowVars.response.hookResponse.Envelope.Body.DocuSignConnectUpdate.DocuSignEnvelopeInformation.EnvelopeStatus.RecipientStatuses]" doc:name="For Each">
                    <expression-component doc:name="Expression"><![CDATA[flowVars.b="sample";
flowVars.b=flowVars.b.toString().concat('**'+payload.UserName+'**');
flowVars.b=flowVars.b.replace('sample','');
flowVars.a=flowVars.b.concat(' ('+payload.Email+')');
UserArray.add(flowVars.a);
UserStatus.add(payload.Status);]]></expression-component>
                </foreach>
                <foreach doc:name="For Each" collection="#[flowVars.response.hookResponse.Envelope.Body.DocuSignConnectUpdate.DocuSignEnvelopeInformation.EnvelopeStatus.DocumentStatuses]">

                    <expression-component doc:name="Expression"><![CDATA[DocName.add(payload.Name);]]></expression-component>
                </foreach>
                <flow-ref name="docusignSetVariablesFlow2" doc:name="docusignSetVariablesFlow2"/>


                <foreach doc:name="For Each" collection="#[flowVars.response.hookResponse.Envelope.Body.DocuSignConnectUpdate.DocuSignEnvelopeInformation.EnvelopeStatus.CustomFields]">
                    <expression-component doc:name="Expression"><![CDATA[
CustFields.add(payload.Value);]]></expression-component>
                </foreach>
                <set-variable variableName="StatusOfUser" value="#[flowVars['response']['hookResponse']['Envelope']['Body']['DocuSignConnectUpdate']['DocuSignEnvelopeInformation']['EnvelopeStatus']['Status']]" doc:name="StatusOfUser"/>
                <set-variable variableName="TimeZoneValue" value="#[flowVars['response']['hookResponse']['Envelope']['Body']['DocuSignConnectUpdate']['DocuSignEnvelopeInformation']['TimeZone']]" doc:name="TimeZoneValue"/>
                <set-variable variableName="EnveloperId" value="#[flowVars['response']['hookResponse']['Envelope']['Body']['DocuSignConnectUpdate']['DocuSignEnvelopeInformation']['EnvelopeStatus']['EnvelopeID']]" doc:name="EnveloperId"/>
                <set-variable variableName="RecipientName" value="#[flowVars['response']['hookResponse']['Envelope']['Body']['DocuSignConnectUpdate']['DocuSignEnvelopeInformation']['EnvelopeStatus']['UserName']]" doc:name="RecipientName"/>
                <set-variable variableName="StatusesRecipient" value="#[flowVars['response']['hookResponse']['Envelope']['Body']['DocuSignConnectUpdate']['DocuSignEnvelopeInformation']['EnvelopeStatus']['RecipientStatuses']]" doc:name="StatusesRecipient"/>
                <set-variable variableName="Docs" value="#[flowVars['response']['hookResponse']['Envelope']['Body']['DocuSignConnectUpdate']['DocuSignEnvelopeInformation']['DocumentPDFs']]" doc:name="Docs"/>
                <set-variable variableName="Sent" value="#[flowVars['response']['hookResponse']['Envelope']['Body']['DocuSignConnectUpdate']['DocuSignEnvelopeInformation']['EnvelopeStatus']['Sent']]" doc:name="Sent"/>
                <set-variable variableName="VoidedReason" value="#[flowVars['response']['hookResponse']['Envelope']['Body']['DocuSignConnectUpdate']['DocuSignEnvelopeInformation']['EnvelopeStatus']['VoidReason']]" doc:name="VoidedReason"/>
            </when>
            <otherwise>
                <invoke name="ArrayOfUsers" object-ref="MultipleUser" method="formatStringtoValidJson" methodArguments="#[payload]" methodArgumentTypes="java.lang.String" doc:name="Invoke"/>
                <dw:transform-message doc:name="Transform Message">
                    <dw:set-variable resource="classpath:dwScripts/fromPayloadToJava.dwl" variableName="response"/>
                </dw:transform-message>
                <flow-ref name="docusignSetVariablesFlow" doc:name="docusignSetVariablesFlow"/>
                <foreach collection="#[flowVars.response.hookResponse.DocuSignEnvelopeInformation.DocumentPDFs]" doc:name="For Each">
                    <expression-component doc:name="Expression"><![CDATA[pdfByteType.add(payload.DocumentType);]]></expression-component>
                </foreach>
                <foreach collection="#[flowVars.response.hookResponse.DocuSignEnvelopeInformation.EnvelopeStatus.RecipientStatuses]" doc:name="For Each">
                    <set-variable variableName="Tab" value="#[payload]" doc:name="UserTabStatus"/>
                    <foreach collection="#[payload.TabStatuses]" doc:name="For Each">
                        <expression-component doc:name="Expression"><![CDATA[TabStatusName.add(payload.TabType);]]></expression-component>
                    </foreach>
                    <expression-component doc:name="Expression"><![CDATA[flowVars.b="sample";
flowVars.b=flowVars.b.toString().concat(flowVars.Tab.UserName);
flowVars.b=flowVars.b.replace('sample','');

flowVars.a=flowVars.b.concat(' ('+flowVars.Tab.Email+')');
UsernamesforTabes.put(flowVars.a,flowVars.TabStatusName);]]></expression-component>
                </foreach>
                <foreach collection="#[flowVars['response']['hookResponse']['DocuSignEnvelopeInformation']['EnvelopeStatus']['RecipientStatuses']]" doc:name="For Each">
                    <expression-component doc:name="Expression"><![CDATA[flowVars.b="sample";
flowVars.b=flowVars.b.toString().concat(payload.UserName);
flowVars.b=flowVars.b.replace('sample','');
flowVars.a=flowVars.b.concat(' ('+payload.Email+')');
UserArray.add(flowVars.a);
UserStatus.add(payload.Status);]]></expression-component>
                </foreach>
                <foreach collection="#[flowVars.response.hookResponse.DocuSignEnvelopeInformation.EnvelopeStatus.DocumentStatuses]" doc:name="For Each">
                    <expression-component doc:name="Expression"><![CDATA[DocName.add(payload.Name);]]></expression-component>
                </foreach>
                <flow-ref name="docusignSetVariablesFlow2" doc:name="docusignSetVariablesFlow2"/>
                <foreach collection="#[flowVars.response.hookResponse.DocuSignEnvelopeInformation.EnvelopeStatus.CustomFields]" doc:name="For Each">
                    <expression-component doc:name="Expression"><![CDATA[CustFields.add(payload.Value);]]></expression-component>
                </foreach>
                <set-variable variableName="TimeZoneValue" value="#[flowVars['response']['hookResponse']['DocuSignEnvelopeInformation']['TimeZone']]" doc:name="TimeZoneValue"/>
                <set-variable variableName="StatusOfUser" value="#[flowVars['response']['hookResponse']['DocuSignEnvelopeInformation']['EnvelopeStatus']['Status']]" doc:name="StatusOfUser"/>
                <set-variable variableName="RecipientName" value="#[flowVars['response']['hookResponse']['DocuSignEnvelopeInformation']['EnvelopeStatus']['UserName']]" doc:name="RecipientName"/>
                <set-variable variableName="EnveloperId" value="#[flowVars['response']['hookResponse']['DocuSignEnvelopeInformation']['EnvelopeStatus']['EnvelopeID']]" doc:name="EnveloperId"/>
                <set-variable variableName="StatusesRecipient" value="#[flowVars['response']['hookResponse']['DocuSignEnvelopeInformation']['EnvelopeStatus']['RecipientStatuses']]" doc:name="StatusesRecipient"/>
                <set-variable variableName="Docs" value="#[flowVars['response']['hookResponse']['DocuSignEnvelopeInformation']['DocumentPDFs']]" doc:name="Docs"/>
                <set-variable variableName="Sent" value="#[flowVars['response']['hookResponse']['DocuSignEnvelopeInformation']['EnvelopeStatus']['Sent']]" doc:name="Sent"/>
                <set-variable variableName="VoidedReason" value="#[flowVars['response']['hookResponse']['DocuSignEnvelopeInformation']['EnvelopeStatus']['VoidReason']]" doc:name="VoidedReason"/>
            </otherwise>
        </choice>



        <choice doc:name="Choice">

            <when expression="#[flowVars.UserStatus.toString().contains('Declined')]">

                <expression-component doc:name="Expression"><![CDATA[UserArray=UserArray.get(UserStatus.indexOf('Declined'))
]]></expression-component>
                <set-variable variableName="postMessage" value="#[flowVars['UserArray']] declined to sign [#[flowVars['DocName']]](https://app.docusign.com/documents/details/#[flowVars['EnveloperId']]) sent by #[flowVars['RecipientName']]." doc:name="Declined"/>
                <set-variable variableName="ToPostFile" value="#[new java.util.ArrayList()]" doc:name="ToPostFile"/>
                <set-payload value="#[{'markDown':flowVars['postMessage'],'text':null,'html':null}]" doc:name="Set Payload"/>
                <expression-component doc:name="Expression"><![CDATA[ToPostFile.add(payload)]]></expression-component>



            </when>
            <when expression="#[flowVars.StatusOfUser=='Voided']">

                <choice doc:name="Choice">
                    <when expression="#[flowVars.VoidedReason!=empty]">
                        <set-variable variableName="postMessage" value="#[flowVars['RecipientName']] voided [#[flowVars['DocName']]](https://app.docusign.com/documents/details/#[flowVars['EnveloperId']]) with reason: &quot;#[flowVars['VoidedReason']]&quot;." doc:name="Voided"/>
                        <set-variable variableName="ToPostFile" value="#[new java.util.ArrayList()]" doc:name="ToPostFile"/>
                        <set-payload value="#[{'markDown':flowVars.postMessage,'text':null,'html':null}]" doc:name="Set Payload"/>
                        <expression-component doc:name="Expression"><![CDATA[ToPostFile.add(payload)]]></expression-component>

                    </when>
                    <otherwise>
                        <set-variable variableName="postMessage" value="#[flowVars['RecipientName']] voided [#[flowVars['DocName']]](https://app.docusign.com/documents/details/#[flowVars['EnveloperId']])." doc:name="Voided Message"/>
                        <set-variable variableName="ToPostFile" value="#[new java.util.ArrayList()]" doc:name="ToPostFile"/>
                        <set-payload value="#[{'markDown':flowVars['postMessage'],'text':null,'html':null}]" doc:name="Set Payload"/>
                        <expression-component doc:name="Expression"><![CDATA[ToPostFile.add(payload)]]></expression-component>

                    </otherwise>
                </choice>

            </when>
            <when expression="#[flowVars.UserStatus.toString().contains('Delivered')]">

			<expression-component doc:name="ExpressionForCompleted"><![CDATA[flowVars.UserArray=UserArray.get(UserStatus.indexOf('Delivered'))
]]></expression-component>
                <set-variable variableName="postMessage" value="#[flowVars['UserArray']] viewed [#[flowVars['DocName']]](https://app.docusign.com/documents/details/#[flowVars['EnveloperId']]) at Docusign signing website." doc:name="Completed"/>
                <set-variable variableName="ToPostFile" value="#[new java.util.ArrayList()]" doc:name="ToPostFile"/>
                <set-payload value="#[{'markDown':flowVars['postMessage'],'text':null,'html':null}]" doc:name="Set Payload"/>
                <expression-component doc:name="Expression"><![CDATA[ToPostFile.add(payload)]]></expression-component>

                


            </when>

            <when expression="#[flowVars.UserStatus.toString().contains('Completed')]">

                
				<expression-component doc:name="Expression"><![CDATA[flowVars.UserArray=UserArray.get(UserStatus.indexOf('Completed'))
]]></expression-component>

                <set-variable variableName="UserNames" value="#[flowVars.StatusesRecipient.UserName]" doc:name="UserNames"/>
                <set-variable variableName="Times" value="#[new java.util.ArrayList()]" doc:name="Times"/>

                <set-variable variableName="UserArray" value="#[new java.util.ArrayList()]" doc:name="UserArray"/>
                <foreach collection="#[flowVars.StatusesRecipient]" doc:name="For Each">

                    <set-variable variableName="UseNames" value="#[payload]" doc:name="UseNames"/>
                    <choice doc:name="Choice">
                        <when expression="#[payload.Status=='Completed']">

                            <expression-component doc:name="Expression"><![CDATA[Times.add(payload.Signed);
flowVars.b="sample";
flowVars.b=flowVars.b.toString().concat(payload.UserName);
flowVars.b=flowVars.b.replace('sample','');
flowVars.a=flowVars.b.concat(' ('+payload.Email+')');
UserArray.add(flowVars.a);

]]></expression-component>

                        </when>
                        <otherwise>
                            <logger level="INFO" doc:name="Logger" message="No need to change th euser name"/>
                        </otherwise>
                    </choice>
                </foreach>
                <expression-component doc:name="Expression"><![CDATA[flowVars.UserArray=UserArray.get(Times.indexOf(Collections.max(Times)))]]></expression-component>

                <logger message="User Name::#[flowVars.UserArray]" level="INFO" doc:name="Logger"/>
                <set-variable variableName="postMessage" value="#[flowVars['UserArray']] signed [#[flowVars['DocName']]](https://app.docusign.com/documents/details/#[flowVars['EnveloperId']])" doc:name="Set Signed Document Message"/>

                <logger message="In signed flow#[flowVars.postMessage]" level="INFO" doc:name="Logger"/>
                <choice doc:name="To Put Or Post Pdf Bytes In Table">
                            <when expression="#[flowVars.Docs!=empty]">
                        <choice doc:name="Choice">
                            <when expression="#[flowVars.Docs.size()==2]">
                                <logger message="With certificate" level="INFO" doc:name="Logger"/>

                                <set-variable variableName="ToPostFile" value="#[new java.util.ArrayList()]" doc:name="ToPostFile"/>
                                <foreach collection="#[flowVars.pdfByteType]" doc:name="For Each">
                                    <choice doc:name="Choice">
                                        <when expression="#[payload=='CONTENT']">

                                            <set-variable variableName="envId" value="https://${integration.management.host}/CONTENT/getDocument/#[flowVars.EnveloperId]" doc:name="FileUrl"/>

                                            <set-payload value="#[{'markDown':flowVars.postMessage,'text':null,'html':flowVars.envId}]" doc:name="Set Payload"/>
                                            <expression-component doc:name="Expression"><![CDATA[ToPostFile.add(payload)]]></expression-component>
                                        </when>
                                        <otherwise>

                                            <set-variable variableName="envId" value="https://${integration.management.host}/SUMMARY/getDocument/#[flowVars.EnveloperId]" doc:name="FileUrl"/>

                                            <set-payload value="#[{'markDown':flowVars.postMessage,'text':null,'html':flowVars.envId}]" doc:name="Set Payload"/>
                                            <expression-component doc:name="Expression"><![CDATA[ToPostFile.add(payload)]]></expression-component>
                                        </otherwise>
                                    </choice>
                                </foreach>

                                <logger level="INFO" doc:name="Logger" message="#[flowVars.ToPostFile]"/>
                            </when>
                            <otherwise>
                                <logger message="without certificate" level="INFO" doc:name="Logger"/>
                                <set-variable variableName="envId" value="https://${integration.management.host}/#[flowVars.pdfByteType[0]]/getDocument/#[flowVars.EnveloperId]" doc:name="FileUrl"/>
                                <set-variable variableName="ToPostFile" value="#[new java.util.ArrayList()]" doc:name="ToPostFile"/>
                                <choice doc:name="Choice">
                                    <when expression="#[flowVars.pdfByteType[0]=='SUMMARY']">
                                        <logger message="For Certifications pdf Bytes" level="INFO" doc:name="Logger"/>

                                    </when>
                                    <otherwise>
                                        <logger message="For PdfBytesss" level="INFO" doc:name="Logger"/>

                                    </otherwise>
                                </choice>
                                <set-payload value="#[{'markDown':flowVars.postMessage,'text':null,'html':flowVars.envId}]" doc:name="Set Payload"/>
                                <expression-component doc:name="Expression"><![CDATA[ToPostFile.add(payload)]]></expression-component>

                            </otherwise>
                        </choice>



                            </when>
                            <otherwise>
                        <set-variable variableName="ToPostFile" value="#[new java.util.ArrayList()]" doc:name="ToPostFile"/>

                        <set-payload value="#[{'markDown':flowVars['postMessage'],'text':null,'html':null}]" doc:name="Set Payload"/>
                        <expression-component doc:name="Expression"><![CDATA[ToPostFile.add(payload)]]></expression-component>

                            </otherwise>
                        </choice>
                <logger level="INFO" doc:name="Logger" message="After Sign in Flow"/></when>
            <otherwise>
                <logger message="Sent flow #[flowVars.UserName]+++++" level="INFO" doc:name="Logger"/>
                <dw:transform-message doc:name="Transform Message">
                    <dw:set-payload resource="classpath:dwScripts/sentFlowInputResponse.dwl"/>
                </dw:transform-message>
                <expression-component doc:name="Expression"><![CDATA[flowVars.UserArray=flowVars.UserArray.get(flowVars.UserArray.size() - 1);
flowVars.UsernamesforTabes=flowVars.UsernamesforTabes.get(flowVars.UserArray);
StringBuffer buffer = new StringBuffer(flowVars.UsernamesforTabes);
flowVars.UsernamesforTabes = buffer.reverse().toString().replaceFirst(","," dna ");
flowVars.UsernamesforTabes = new StringBuffer(flowVars.UsernamesforTabes).reverse().toString();
flowVars.UsernamesforTabes=flowVars.UsernamesforTabes.toString().replace('[','');
flowVars.UsernamesforTabes=flowVars.UsernamesforTabes.toString().replace(']','');

flowVars.UserName=flowVars.UserName.toString().replace('[','');
flowVars.UserName=flowVars.UserName.toString().replace('] ','');]]></expression-component>
                <logger message="The Custom Fileds are : #[flowVars.CustFields]" level="INFO" doc:name="Logger"/>

                <choice doc:name="Choice">
                    <when expression="#[flowVars.CustFields!=empty]">
                        <choice doc:name="Choice">
                            <when expression="#[flowVars.UsernamesforTabes!=empty]">
                                <set-variable variableName="postMessage" value="#[flowVars.RecipientName+' sent ['+flowVars.DocName+'](https://app.docusign.com/documents/details/'+flowVars.EnveloperId+') to '+flowVars.UserName+' for signing. \n\n Requested Field(s): '+flowVars.UsernamesforTabes+' \n - Sender ID: '+flowVars.CustFields[0]+' \n - Sender Account type: '+flowVars.CustFields[2]]" doc:name="SentDocument"/>
                                <set-variable variableName="ToPostFile" value="#[new java.util.ArrayList()]" doc:name="ToPostFile"/>
                                <set-payload value="#[{'markDown':flowVars.postMessage,'text':null,'html':null}]" doc:name="Set Payload"/>
                                <expression-component doc:name="Expression"><![CDATA[ToPostFile.add(payload)]]></expression-component>

                            </when>
                            <otherwise>
                                <set-variable variableName="postMessage" value="#[flowVars.RecipientName+' sent ['+flowVars.DocName+'](https://app.docusign.com/documents/details/'+flowVars.EnveloperId+') to '+flowVars.UserName+' for signing. \n - Sender ID: '+flowVars.CustFields[0]+' \n - Sender Account type: '+flowVars.CustFields[2]]" doc:name="sentDocument"/>
                                <set-variable variableName="ToPostFile" value="#[new java.util.ArrayList()]" doc:name="ToPostFile"/>
                                <set-payload value="#[{'markDown':flowVars.postMessage,'text':null,'html':null}]" doc:name="Set Payload"/>
                                <expression-component doc:name="Expression"><![CDATA[ToPostFile.add(payload)]]></expression-component>

                            </otherwise>
                        </choice>
                    </when>
                    <otherwise>
                        <choice doc:name="Choice">
                            <when expression="#[flowVars.UsernamesforTabes!=empty]">
                                <set-variable variableName="postMessage" value="#[flowVars.RecipientName+' sent ['+flowVars.DocName+'](https://app.docusign.com/documents/details/'+flowVars.EnveloperId+') to '+flowVars.UserName+' for signing. \n\n Requested Field(s): '+flowVars.UsernamesforTabes+'']" doc:name="sentDocument"/>
                                <set-variable variableName="ToPostFile" value="#[new java.util.ArrayList()]" doc:name="ToPostFile"/>
                                <set-payload value="#[{'markDown':flowVars.postMessage,'text':null,'html':null}]" doc:name="Set Payload"/>
                                <expression-component doc:name="Expression"><![CDATA[ToPostFile.add(payload)]]></expression-component>

                            </when>
                            <otherwise>
                                <set-variable variableName="postMessage" value="#[flowVars.RecipientName+' sent ['+flowVars.DocName+'](https://app.docusign.com/documents/details/'+flowVars.EnveloperId+') to '+flowVars.UserName+' for signing.'] " doc:name="sentDocument"/>
                                <set-variable variableName="ToPostFile" value="#[new java.util.ArrayList()]" doc:name="ToPostFile"/>
                                <set-payload value="#[{'markDown':flowVars.postMessage,'text':null,'html':null}]" doc:name="Set Payload"/>
                                <expression-component doc:name="Expression"><![CDATA[ToPostFile.add(payload)]]></expression-component>

                            </otherwise>
                        </choice>
                    </otherwise>
                </choice>



            </otherwise>
        </choice>
        <logger message="Post message #[flowVars['ToPostFile']]" level="INFO" doc:name="Logger"/>


        <dw:transform-message doc:name="Build Post Format Message Response">
        <dw:input-payload mimeType="application/json"/>
            <dw:set-payload resource="classpath:dwScripts/buildPostFormatMessageResponse.dwl"/>
        </dw:transform-message>
        <catch-exception-strategy doc:name="Catch Exception Strategy">
            <logger message="Error Due to #[exception.message]" level="INFO" doc:name="Logger"/>
        </catch-exception-strategy>
        
    </flow>
    <flow name="docusignSetVariablesFlow">

        <set-variable variableName="UserArray" value="#[new java.util.ArrayList()]" doc:name="UserArray"/>
                <set-variable doc:name="UserStatus" value="#[new java.util.ArrayList()]" variableName="UserStatus"/>
                <set-variable doc:name="DocName" value="#[new java.util.ArrayList()]" variableName="DocName"/>
                <set-variable doc:name="TabStatusName" value="#[new java.util.ArrayList()]" variableName="TabStatusName"/>
                <set-variable doc:name="pdfByteName" value="#[new java.util.ArrayList()]" variableName="pdfByteName"/>
                <set-variable doc:name="UsernamesforTabes" value="#[new java.util.HashMap()]" variableName="UsernamesforTabes"/>
                <set-variable variableName="pdfByteType" value="#[new java.util.ArrayList()]" doc:name="pdfByteType"/>
        <set-variable variableName="CustFields" value="#[new java.util.ArrayList()]" doc:name="Custom Fields"/>
        <set-variable variableName="EmailArray" value="#[new java.util.ArrayList()]" doc:name="EmailArray"/>
    </flow>
    <flow name="docusignSetVariablesFlow2">
    <set-variable doc:name="UserName" value="#[flowVars['UserArray']] " variableName="UserName"/>

                <expression-component doc:name="Expression"><![CDATA[
StringBuffer buffer = new StringBuffer(flowVars.UserName);
flowVars.UserName = buffer.reverse().toString().replaceFirst(","," dna ");
flowVars.UserName = new StringBuffer(flowVars.UserName).reverse().toString();
flowVars.DocName=flowVars.DocName.toString().replace('[','');
flowVars.DocName=flowVars.DocName.toString().replace(']','');
flowVars.TabStatusName=flowVars.TabStatusName.toString().replace('[','');
flowVars.TabStatusName=flowVars.TabStatusName.toString().replace(']','');
]]></expression-component>
    </flow>
    	

        
    <flow name="postIntegrationSettingsFlow">
    	<dw:transform-message doc:name="Transform Payload to Java">
            <dw:set-payload resource="classpath:dwScripts/fromPayloadToJava.dwl"/>
        </dw:transform-message>
        <enricher target="#[flowVars.webhook]" doc:name="Message Enricher">
            <flow-ref name="generateWebhookUrlFlow" doc:name="generateWebhookUrlFlow"/>
        </enricher>
        
        <dw:transform-message doc:name="Build Get Integration Settings Response">
            <dw:set-payload resource="classpath:dwScripts/buildGetIntegrationSettingsResponse.dwl"/>
        </dw:transform-message>
    </flow>
    
    <flow name="setupIntegrationFlow">

        <dw:transform-message doc:name="Build Setup Integration Response">
            <dw:set-payload resource="classpath:dwScripts/buildSetupIntegrationResponse.dwl"/>
        </dw:transform-message>
    </flow>
    <flow name="updateIntegrationFlow">
        <dw:transform-message doc:name="Transform Update Integration Response">
            <dw:set-payload resource="classpath:dwScripts/fromPayloadToJson.dwl"/>
        </dw:transform-message>
    </flow>
    
    <flow name="tearDownIntegrationFlow">
        <dw:transform-message doc:name="Build Tear Down Integration Response">
            <dw:set-payload resource="classpath:dwScripts/buildTearDownIntegrationResponse.dwl"/>
        </dw:transform-message>
    </flow>
    
     <flow name="healthCheckFlow">
    <object-to-string-transformer doc:name="Object to String"/><json:object-to-json-transformer doc:name="Object to JSON"/>
    <dw:transform-message doc:name="Transform Message To Java">
            <dw:set-variable resource="classpath:dwScripts/fromPayloadToJava.dwl" variableName="healthCheckRequest"/>
</dw:transform-message>
        <flow-ref name="generateWebhookUrlFlow" doc:name="generateWebhookUrlFlow"/>
        <set-variable variableName="webhook" value="#[message.payloadAs(java.lang.String)]" doc:name="WebhookResponse"/>

    <http:request config-ref="HTTP_RunTime_Configuration" path="/integrations/instances" method="GET" doc:name="Get Integration Instance">
    <http:request-builder>
                <http:query-param paramName="integrationId" value="#[flowVars.healthCheckRequest.integrationId]"/>
                <http:query-param paramName="userId" value="#[flowVars.healthCheckRequest.userId]"/>
                <http:query-param paramName="status" value="ACTIVE"/>

</http:request-builder></http:request>
    <dw:transform-message doc:name="Transform Message">
    	<dw:set-variable variableName="instanceDetails" resource="classpath:dwScripts/fromPayloadToJava.dwl"/>						
	</dw:transform-message>
	<choice doc:name="Choice"><when expression="#[flowVars['instanceDetails'].toString() !='{message=No results}']">
	<dw:transform-message doc:name="Transform Message">
	<dw:set-payload resource="classpath:dwScripts/ConfigJsonValues.dwl"/>
	</dw:transform-message>
	<set-payload value="#[payload]" mimeType="application/json" doc:name="Set Payload"/>
	<dw:transform-message doc:name="Transform Message"><dw:set-variable variableName="configJsonDetails" resource="classpath:dwScripts/fromPayloadToJava.dwl"/></dw:transform-message>
                <dw:transform-message doc:name="Build Health Check Response">
                    <dw:set-payload resource="classpath:dwScripts/buildHealthCheckResponse.dwl"/>
                </dw:transform-message>
</when>
	<otherwise>
	<dw:transform-message doc:name="Build Health Check Response"><dw:set-payload resource="classpath:dwScripts/buildHealthCheckResponse.dwl"/>
	</dw:transform-message>
		</otherwise>
	</choice>
	<catch-exception-strategy doc:name="Catch Exception Strategy">
<set-variable variableName="healthCheckException" value="#[exception.message]" doc:name="HealthCheckException"/>
<dw:transform-message doc:name="Transform Message">
<dw:set-payload resource="classpath:dwScripts/healthCkeckExceptionOutput.dwl"/>
</dw:transform-message>
</catch-exception-strategy>
</flow>
    
    <flow name="GetPdfBytes">
        <db:select config-ref="MySQL_Configuration" doc:name="Getting Signed Document from DB">
            <db:parameterized-query><![CDATA[select pdf_bytes from DOCUSIGN_PDF_SETTINGS where envelope_id=#[flowVars.EnveloperId]]]></db:parameterized-query>
        </db:select>


        <dw:transform-message doc:name="Transform Message">
        	<dw:input-payload mimeType="application/java"/>
            <dw:set-payload resource="classpath:dwScripts/buildPayloadToJavaWithFirstValue.dwl"/>
        </dw:transform-message>
    </flow>

    <flow name="GetCertificatePdfBytes">
        <db:select config-ref="MySQL_Prod" doc:name="Getting Docusign sent Document from DB">
            <db:parameterized-query><![CDATA[select doc_pdf_bytes from DOCUSIGN_DOC_PDF_SETTINGS where envelope_id=#[flowVars.EnveloperId]]]></db:parameterized-query>


        </db:select>



        <dw:transform-message doc:name="Transform Message">
        	<dw:input-payload mimeType="application/java"/>
            <dw:set-payload resource="classpath:dwScripts/buildPayloadToJavaWithFirstValue.dwl"/>
        </dw:transform-message>
    </flow>

    <flow name="GetDocumentFlow">
        <http:listener config-ref="api-httpListenerConfig" path="*/getDocument/*" allowedMethods="GET" doc:name="HTTP">
            <http:response-builder>
                <http:header headerName="Content-Type" value="application/pdf"/>

            </http:response-builder>
        </http:listener>

        <set-variable   doc:name="EnvelopeId" value="#[message.inboundProperties.'http.request.path']" variableName="EnveloperId"/>
        <set-variable variableName="Tpye" value="#[message.inboundProperties.'http.request.path']" doc:name="Tpye"/>
        <expression-component doc:name="Expression"><![CDATA[flowVars.EnveloperId=flowVars.EnveloperId.toString().split('/')[3];
flowVars.Tpye=flowVars.Tpye.toString().split('/')[1]]]></expression-component>

        <choice doc:name="Choice">
            <when expression="#[flowVars['Tpye']=='CONTENT']">
                <flow-ref name="GetPdfBytes" doc:name="GetPdfBytes"/>
            </when>
            <otherwise>
                <flow-ref name="GetCertificatePdfBytes" doc:name="GetCertificatePdfBytes"/>
            </otherwise>
        </choice>
        <choice doc:name="Choice">
            <when expression="#[flowVars['Tpye']=='CONTENT'&amp;&amp;payload!=null]">
                <dw:transform-message doc:name="Transform Message">
                	<dw:input-payload mimeType="application/java"/>
                    <dw:set-payload resource="classpath:dwScripts/fromPayloadToJava.dwl"/>
                </dw:transform-message>
                <set-payload value="#[payload['pdf_bytes']]" doc:name="Set Payload"/>
            </when>
            <when expression="#[payload==null]">
                <logger level="INFO" doc:name="Logger"/>

            </when>
            <otherwise>
                <dw:transform-message doc:name="Transform Message">
                    <dw:input-payload mimeType="application/java"/>
                    <dw:set-payload resource="classpath:dwScripts/fromPayloadToJava.dwl"/>
                </dw:transform-message>
                <set-payload value="#[payload['doc_pdf_bytes']]" doc:name="Set Payload"/>
            </otherwise>
        </choice>

        <object-to-string-transformer doc:name="Object to String"/>


        <invoke name="DocusignPdf" object-ref="creatingpdf" method="pdf" methodArguments="#[payload]" methodArgumentTypes="java.lang.String" doc:name="DocusignPdf"/>
    </flow>
</mule>
