<?xml version="1.0" encoding="UTF-8"?>

<mule xmlns:http="http://www.mulesoft.org/schema/mule/http"
	xmlns:dw="http://www.mulesoft.org/schema/mule/ee/dw"
	xmlns:tracking="http://www.mulesoft.org/schema/mule/ee/tracking" xmlns="http://www.mulesoft.org/schema/mule/core" xmlns:doc="http://www.mulesoft.org/schema/mule/documentation"
	xmlns:spring="http://www.springframework.org/schema/beans" 
	xmlns:xsi="http://www.w3.org/2001/XMLSchema-instance"
	xsi:schemaLocation="http://www.mulesoft.org/schema/mule/http http://www.mulesoft.org/schema/mule/http/current/mule-http.xsd
http://www.mulesoft.org/schema/mule/ee/dw http://www.mulesoft.org/schema/mule/ee/dw/current/dw.xsd
http://www.springframework.org/schema/beans http://www.springframework.org/schema/beans/spring-beans-current.xsd
http://www.mulesoft.org/schema/mule/core http://www.mulesoft.org/schema/mule/core/current/mule.xsd
http://www.mulesoft.org/schema/mule/ee/tracking http://www.mulesoft.org/schema/mule/ee/tracking/current/mule-tracking-ee.xsd">
  	
  	<http:request-config name="HTTP_Access_Token_Request_Configuration" protocol="HTTPS" host="${docusign.api.access.token.host}" port="${docusign.api.access.token.port}"  doc:name="HTTP Request Configuration"/>
  	
 	<http:request-config name="HTTP_Operations_Request_Configuration" protocol="HTTPS" host="${docusign.api.operations.host}" port="${docusign.api.operations.port}" basePath="${docusign.api.operations.base.path}" doc:name="HTTP Request Configuration"/>
    <flow name="generateWebhookUrlFlow">
        <set-variable variableName="instanceUuid" value="#[function:uuid]" doc:name="Generating Instance Uuid"/>
        <set-variable variableName="webhookUrl" value="https://${docusign.webhook.domain}/api/webhooks/#[flowVars.instanceUuid]" doc:name="Generating Webhook Url"/>
        <logger message="#[flowVars.webhookUrl]" level="INFO" doc:name="Logger"/>
        <dw:transform-message doc:name="Transform Response to Java">
        <dw:input-payload mimeType="application/java"/>
            <dw:set-payload resource="classpath:dwScripts/buildGenerateWebhookResopnse.dwl"/>
        </dw:transform-message>
    </flow>

</mule>
