<?xml version="1.0" encoding="UTF-8" standalone="yes"?>
<mule-project xmlns="http://www.mulesoft.com/tooling/project" runtimeId="org.mule.tooling.server.3.8.0.ee" schemaVersion="5.3.0.0">
    <name>cisco-spark-sharepoint-integrationLatest(25-5)</name>
    <description></description>
    <muleExtension name="Amazon SQS" qualifier="org.mule.tooling.ui.contribution.sqs.3.5.0"/>
    <muleExtension name="CiscoSpark" qualifier="org.mule.tooling.ui.contribution.CiscoSpark.3.7.2"/>
    <muleExtension name="Dropbox" qualifier="org.mule.tooling.ui.contribution.dropbox"/>
    <muleExtension name="CMIS" qualifier="org.mule.tooling.ui.contribution.cmis.3.5.0"/>
</mule-project>
