<?xml version="1.0" encoding="UTF-8"?>

<mule xmlns:json="http://www.mulesoft.org/schema/mule/json"
	xmlns:dw="http://www.mulesoft.org/schema/mule/ee/dw" xmlns:tracking="http://www.mulesoft.org/schema/mule/ee/tracking"
	xmlns:http="http://www.mulesoft.org/schema/mule/http" xmlns="http://www.mulesoft.org/schema/mule/core"
	xmlns:doc="http://www.mulesoft.org/schema/mule/documentation"
	xmlns:spring="http://www.springframework.org/schema/beans" xmlns:xsi="http://www.w3.org/2001/XMLSchema-instance"
	xsi:schemaLocation="http://www.springframework.org/schema/beans http://www.springframework.org/schema/beans/spring-beans-current.xsd
http://www.mulesoft.org/schema/mule/core http://www.mulesoft.org/schema/mule/core/current/mule.xsd
http://www.mulesoft.org/schema/mule/http http://www.mulesoft.org/schema/mule/http/current/mule-http.xsd
http://www.mulesoft.org/schema/mule/ee/tracking http://www.mulesoft.org/schema/mule/ee/tracking/current/mule-tracking-ee.xsd
http://www.mulesoft.org/schema/mule/ee/dw http://www.mulesoft.org/schema/mule/ee/dw/current/dw.xsd
http://www.mulesoft.org/schema/mule/json http://www.mulesoft.org/schema/mule/json/current/mule-json.xsd">

	<http:request-config name="HTTP_Coreservices_Request_Configuration"
		host="${core.services.host}" port="${core.services.port}" doc:name="HTTP Request Configuration"
		basePath="${core.services.path}" protocol="HTTPS" tlsContext-ref="tls.context" />

	<flow name="coreServicesAlertsFlow">
		<async doc:name="Async">
			<logger message="ALerts Log " level="INFO" doc:name="Logger" />
			<dw:transform-message doc:name="Build Alert Request">
				<dw:set-payload
					resource="classpath:dwScripts/buildCoreServicesAlertRequest.dwl" />

			</dw:transform-message>
			<http:request config-ref="HTTP_Coreservices_Request_Configuration"
				path="/alerts" method="POST" doc:name="HTTP">
				<http:request-builder>
                    <http:query-param paramName="client_id" value="${core.services.client.id}"/>
                    <http:query-param paramName="client_secret" value="${core.services.client.secret}"/>


				</http:request-builder>

			</http:request>
			<logger level="INFO" doc:name="Logger"
				message="#['Alert sent to Core Services']" />
		</async>
		<catch-exception-strategy
			enableNotifications="false" logException="false" doc:name="Catch Exception Strategy">
			<logger level="ERROR" doc:name="Logger"
				message="#['Error communicating with Core Services']" />
		</catch-exception-strategy>
	</flow>

	<flow name="coreServicesLoggingFlow">
		<async doc:name="Async">
			<logger message="logger @ core logging #[flowVars.result]"
				level="INFO" doc:name="Logger" />
			<set-payload value=" #[flowVars.result]" mimeType="application/json"
				doc:name="Set Payload" />

			<http:request config-ref="HTTP_Coreservices_Request_Configuration"
				path="/logging" method="POST" doc:name="HTTP">
                <http:request-builder>
                    <http:query-param paramName="client_id" value="${core.services.client.id}"/>
                    <http:query-param paramName="client_secret" value="${core.services.client.secret}"/>


</http:request-builder>

				<http:failure-status-code-validator
					values="400..599" />
			</http:request>
			<logger level="ERROR" doc:name="Logger"
				message="#['Logs sent to Core Services']" />
		</async>
		<catch-exception-strategy
			enableNotifications="false" logException="false" doc:name="Catch Exception Strategy">
			<logger level="ERROR" doc:name="Logger"
				message="#['Error communicating with Core Services']" />
		</catch-exception-strategy>
	</flow>

	<flow name="coreServicesTrackingFlow">
		<async doc:name="Async">
			<dw:transform-message doc:name="Build Tracking Request">
				<dw:set-payload
					resource="classpath:dwScripts/buildCoreServicesTrackingRequest.dwl" />
			</dw:transform-message>
			<http:request config-ref="HTTP_Coreservices_Request_Configuration"
				path="/tracking" method="POST" doc:name="HTTP">
				<http:request-builder>
                    <http:query-param paramName="client_id" value="${core.services.client.id}"/>
                    <http:query-param paramName="client_secret" value="${core.services.client.secret}"/>


</http:request-builder>

			</http:request>
			<logger level="INFO" doc:name="Logger"
				message="#['Tracking sent to Core Services']" />
		</async>
		<catch-exception-strategy
			enableNotifications="false" logException="false" doc:name="Catch Exception Strategy">
			<logger level="ERROR" doc:name="Logger"
				message="#['Error communicating with Core Services']" />
		</catch-exception-strategy>
	</flow>
</mule>