<?xml version="1.0" encoding="UTF-8"?>

<mule xmlns:db="http://www.mulesoft.org/schema/mule/db"
	xmlns:tls="http://www.mulesoft.org/schema/mule/tls" xmlns:http="http://www.mulesoft.org/schema/mule/http"
	xmlns:context="http://www.springframework.org/schema/context" xmlns="http://www.mulesoft.org/schema/mule/core" xmlns:doc="http://www.mulesoft.org/schema/mule/documentation"
	xmlns:spring="http://www.springframework.org/schema/beans" 
	xmlns:xsi="http://www.w3.org/2001/XMLSchema-instance"
	xsi:schemaLocation="http://www.mulesoft.org/schema/mule/db http://www.mulesoft.org/schema/mule/db/current/mule-db.xsd
http://www.mulesoft.org/schema/mule/http http://www.mulesoft.org/schema/mule/http/current/mule-http.xsd
http://www.springframework.org/schema/beans http://www.springframework.org/schema/beans/spring-beans-current.xsd
http://www.mulesoft.org/schema/mule/core http://www.mulesoft.org/schema/mule/core/current/mule.xsd
http://www.springframework.org/schema/context http://www.springframework.org/schema/context/spring-context-current.xsd
http://www.mulesoft.org/schema/mule/tls http://www.mulesoft.org/schema/mule/tls/current/mule-tls.xsd">
    
    <context:property-placeholder location="sharepoint.integration.${mule.env}.properties"/>
    
    <http:listener-config name="api-httpListenerConfig" host="${http.host}" port="${https.port}" doc:name="HTTP Listener Configuration" protocol="HTTPS" tlsContext-ref="tls.context"/>
    
    <tls:context name="tls.context" doc:name="TLS Context">
        <tls:key-store type="jks" 
        	path="${key.store.path}" 
        	keyPassword="${key.store.key.password}" 
        	password="${key.store.password}"
        	alias="${key.store.alias}"/>
    </tls:context>
    
    <http:request-config name="HTTP_Integrations_Runtime_Request_Configuration" protocol="HTTPS" host="${integrations.runtime.host}" port="${integrations.runtime.port}" basePath="${integrations.runtime.path}" doc:name="HTTP Request Configuration" connectionIdleTimeout="30000000"/>
    <http:request-config name="HTTP_Request_sharepoint_operation-_Configuration" protocol="HTTPS" host="#[flowVars.serviceUrl]" port="${sharepoint.api.operations.port}" basePath="#[flowVars['basePath']]" doc:name="HTTP Request Configuration"/>
    <http:request-config name="HTTP_Request_sharepoint_Token_Configuration" protocol="HTTPS" host="${sharepoint.api.access.token.host}" port="${sharepoint.api.access.token.port}"  doc:name="HTTP Request Configuration" basePath="${sharepoint.api.access.token.base.path}" connectionIdleTimeout="3000000"/>
    <http:request-config name="HTTP_Mangement_Request_Configuration" protocol="HTTPS" host="${integrations.management.host}" port="${integrations.management.port}" basePath="${integrations.management.path}" doc:name="HTTP Request Configuration" tlsContext-ref="tls.context"/>
    <http:request-config name="HTTP_Request_SharepointUser_Configuration" protocol="HTTPS" host="#[flowVars.serviceUrl]"   tlsContext-ref="tls.context" doc:name="HTTP Request Configuration" port="${sharepoint.api.user.port}" basePath="#[flowVars['basePath']]" connectionIdleTimeout="3000000"/>
    <http:request-config name="HTTP_Discovery_configuration" protocol="HTTPS" host="${sharepoint.discovery.host}" port="${sharepoint.discovery.port}" basePath="${sharepoint.discovery.base.path}" tlsContext-ref="tls.context" doc:name="HTTP Request Configuration"/>
  
  
  
</mule>
