<?xml version="1.0" encoding="UTF-8"?>

<mule xmlns:vm="http://www.mulesoft.org/schema/mule/vm" xmlns:http="http://www.mulesoft.org/schema/mule/http"
	xmlns:dw="http://www.mulesoft.org/schema/mule/ee/dw"
	xmlns="http://www.mulesoft.org/schema/mule/core" xmlns:doc="http://www.mulesoft.org/schema/mule/documentation"
	xmlns:spring="http://www.springframework.org/schema/beans" 
	xmlns:xsi="http://www.w3.org/2001/XMLSchema-instance"
	xsi:schemaLocation="http://www.mulesoft.org/schema/mule/http http://www.mulesoft.org/schema/mule/http/current/mule-http.xsd
http://www.mulesoft.org/schema/mule/ee/dw http://www.mulesoft.org/schema/mule/ee/dw/current/dw.xsd
http://www.springframework.org/schema/beans http://www.springframework.org/schema/beans/spring-beans-current.xsd
http://www.mulesoft.org/schema/mule/core http://www.mulesoft.org/schema/mule/core/current/mule.xsd
http://www.mulesoft.org/schema/mule/vm http://www.mulesoft.org/schema/mule/vm/current/mule-vm.xsd">

	<flow name="getIntegrationTokenFlow" >
    	<http:request config-ref="HTTP_Integrations_Runtime_Request_Configuration" path="/integrations/{integrationId}/appTokens" method="GET" doc:name="HTTP">
        	<http:request-builder>
                <http:query-param paramName="client_id" value="${sharepoint.integration.client.id}"/>
                <http:query-param paramName="client_secret" value="${sharepoint.integration.client.secret}"/>
                <http:query-param paramName="userId" value="#[flowVars['userId']]"/>
                <http:uri-param paramName="integrationId" value="#[flowVars['integrationId']]"/>


            </http:request-builder>
        </http:request>
        <dw:transform-message doc:name="Transform Response to Java">
            <dw:set-payload resource="classpath:dwScripts/fromPayloadToJavaOneResult.dwl"/>
        </dw:transform-message>
    </flow>

    

</mule>
