<?xml version="1.0" encoding="UTF-8"?>

<mule xmlns:batch="http://www.mulesoft.org/schema/mule/batch"
	xmlns:metadata="http://www.mulesoft.org/schema/mule/metadata"
	xmlns:scripting="http://www.mulesoft.org/schema/mule/scripting"
	xmlns:tcp="http://www.mulesoft.org/schema/mule/tcp" xmlns:db="http://www.mulesoft.org/schema/mule/db"
	xmlns:CiscoSpark="http://www.mulesoft.org/schema/mule/CiscoSpark"
	xmlns:vm="http://www.mulesoft.org/schema/mule/vm" xmlns:json="http://www.mulesoft.org/schema/mule/json"
	xmlns:validation="http://www.mulesoft.org/schema/mule/validation"
	xmlns:http="http://www.mulesoft.org/schema/mule/http" xmlns:dw="http://www.mulesoft.org/schema/mule/ee/dw"
	xmlns:tracking="http://www.mulesoft.org/schema/mule/ee/tracking" xmlns="http://www.mulesoft.org/schema/mule/core"
	xmlns:doc="http://www.mulesoft.org/schema/mule/documentation"
	xmlns:spring="http://www.springframework.org/schema/beans" xmlns:xsi="http://www.w3.org/2001/XMLSchema-instance"
	xsi:schemaLocation="http://www.mulesoft.org/schema/mule/json http://www.mulesoft.org/schema/mule/json/current/mule-json.xsd
http://www.mulesoft.org/schema/mule/CiscoSpark http://www.mulesoft.org/schema/mule/CiscoSpark/current/mule-CiscoSpark.xsd
http://www.mulesoft.org/schema/mule/vm http://www.mulesoft.org/schema/mule/vm/current/mule-vm.xsd
http://www.mulesoft.org/schema/mule/http http://www.mulesoft.org/schema/mule/http/current/mule-http.xsd
http://www.mulesoft.org/schema/mule/validation http://www.mulesoft.org/schema/mule/validation/current/mule-validation.xsd
http://www.mulesoft.org/schema/mule/ee/dw http://www.mulesoft.org/schema/mule/ee/dw/current/dw.xsd
http://www.springframework.org/schema/beans http://www.springframework.org/schema/beans/spring-beans-current.xsd
http://www.mulesoft.org/schema/mule/core http://www.mulesoft.org/schema/mule/core/current/mule.xsd
http://www.mulesoft.org/schema/mule/ee/tracking http://www.mulesoft.org/schema/mule/ee/tracking/current/mule-tracking-ee.xsd
http://www.mulesoft.org/schema/mule/db http://www.mulesoft.org/schema/mule/db/current/mule-db.xsd
http://www.mulesoft.org/schema/mule/scripting http://www.mulesoft.org/schema/mule/scripting/current/mule-scripting.xsd
http://www.mulesoft.org/schema/mule/tcp http://www.mulesoft.org/schema/mule/tcp/current/mule-tcp.xsd
http://www.mulesoft.org/schema/mule/batch http://www.mulesoft.org/schema/mule/batch/current/mule-batch.xsd">
	<spring:beans>
		<spring:bean name="timediffernces" class="mule.ciscoSpark.TimeGap"></spring:bean>
	</spring:beans>
	<http:request-config name="HTTP_Access_Token_Request_Configuration"
		protocol="HTTPS" host="${sharepoint.api.access.token.host}" port="${sharepoint.api.access.token.port}"
		doc:name="HTTP Request Configuration" tlsContext-ref="tls.context"
		basePath="${sharepoint.api.access.token.base.path}" />

	<http:request-config name="HTTP_Operations_Request_Configuration"
		protocol="HTTPS" host="${sharepoint.api.operations.host}" port="${sharepoint.api.operations.port}"
		basePath="${sharepoint.api.operations.base.path}" doc:name="HTTP Request Configuration"
		tlsContext-ref="tls.context" />

	<validation:config name="Validation_Configuration"
		doc:name="Validation Configuration" />
	<vm:connector name="VM" validateConnections="true"
		doc:name="VM" />
	<asynchronous-processing-strategy
		name="Asynchronous_Processing_Strategy" doc:name="Asynchronous Processing Strategy" />
	<endpoint
		address="https://${sharepoint.api.user.host}/${sharepoint.api.user.base.path}/comment.#[flowVars.processMessage.parentReference.driveId].#[flowVars.processMessage.parentReference.id].#[flowVars.processMessage.id]"
		name="Generic" doc:name="Generic" />
	<tcp:connector name="TCP" validateConnections="true"
		sendBufferSize="0" receiveBufferSize="0" receiveBacklog="0"
		clientSoTimeout="10000" serverSoTimeout="10000" socketSoLinger="0"
		doc:name="TCP" />
	<http:request-config name="HTTP_Request_Configuration"
		protocol="HTTPS" host="#[flowVars.serviceUrl]" port="${sharepoint.api.user.port}"
		doc:name="HTTP Request Configuration" />
	<http:request-config name="HTTP_SharepointDataBase_Configuration1"
		protocol="HTTPS" doc:name="HTTP Request Configuration" />

	<flow name="postSharepointTokenFlow">

		<dw:transform-message doc:name="Transform Message">
			<dw:input-payload doc:sample="sample_data\map.dwl" />
			<dw:set-payload resource="classpath:dwScripts/buildTokenRequest.dwl" />
		</dw:transform-message>
		<logger
			message="In Access token generation flow #[message.payloadAs(java.lang.String)]"
			level="INFO" doc:name="Logger" />


		<http:request config-ref="HTTP_Access_Token_Request_Configuration"
			path="${sharepoint.api.access.token.path}" method="POST"
			doc:name="Http to create accessToken to get discovery">
			<http:request-builder>
				<http:header headerName="Content-Type"
					value="application/x-www-form-urlencoded" />


			</http:request-builder>

		</http:request>
		<object-to-string-transformer doc:name="Object to String" />
		<dw:transform-message doc:name="Transform Message">
			<dw:set-variable variableName="discoveryResponse"
				resource="classpath:dwScripts/fromPayloadToJava.dwl" />
		</dw:transform-message>
		<http:request config-ref="HTTP_Discovery_configuration"
			path="${sharepoint.discovery.path}" method="GET"
			doc:name="Http to get the Sharepoint url">
			<http:request-builder>
				<http:header headerName="Authorization"
					value="Bearer #[flowVars.discoveryResponse.access_token]" />
			</http:request-builder>
		</http:request>
		<object-to-string-transformer doc:name="Object to String" />
		<dw:transform-message doc:name="Transform Message">
			<dw:set-variable variableName="refreshTokenRequest"
				resource="classpath:dwScripts/fromPayloadToJava.dwl" />
		</dw:transform-message>
		<dw:transform-message doc:name="Transform Message">
			<dw:set-payload
				resource="classpath:dwScripts/buildAccessTokenUsingRefreshToken.dwl" />
		</dw:transform-message>
		<http:request config-ref="HTTP_Request_sharepoint_Token_Configuration"
			path="${sharepoint.api.access.token.path}" method="POST" doc:name="HTTP">
			<http:request-builder>
				<http:header headerName="Content-Type"
					value="application/x-www-form-urlencoded" />

			</http:request-builder>
		</http:request>
		<logger
			message="After generation of tokens#[message.payloadAs(java.lang.String)]"
			level="DEBUG" doc:name="Logger" />
		<flow-ref name="checkResponseStatusCodeFlow" doc:name="checkResponseStatusCodeFlow" />


		<dw:transform-message doc:name="Transform Response to Java">
			<dw:set-payload resource="classpath:dwScripts/fromPayloadToJava.dwl" />
		</dw:transform-message>
		<catch-exception-strategy doc:name="Catch Exception Strategy">
			<logger message="Error Occured due to #[excption.message]"
				level="INFO" doc:name="Logger" />
		</catch-exception-strategy>

	</flow>
	<flow name="getSharepointUserNameFlow">
		<set-variable variableName="serviceUrl"
			value="#[flowVars['tokenData']['subDomain']]" doc:name="serviceUrl" />
		<logger message="ServiceUrl is:#[flowVars['serviceUrl']]"
			level="INFO" doc:name="Logger" />
		<http:request config-ref="HTTP_Request_Configuration"
			path="/_api/web/currentuser" method="GET" doc:name="HTTP">
			<http:request-builder>
				<http:header headerName="Authorization"
					value="Bearer #[flowVars['tokenData']['accessToken']]" />
				<http:header headerName="accept" value="application/json" />
			</http:request-builder>
			<http:success-status-code-validator
				values="200..599" />
		</http:request>
		<choice doc:name="Choice">
			<when expression="#[message.inboundProperties.'http.status' != 401]">
				<flow-ref name="checkResponseStatusCodeFlow" doc:name="checkResponseStatusCodeFlow" />
				<logger message="sharepoint user name: #[json:Title]" level="INFO"
					doc:name="Logger" />
				<set-payload value="#[json:Title]" doc:name="Set Payload" />
				<dw:transform-message doc:name="Transform Message">
					<dw:input-payload mimeType="application/java" />

					<dw:set-payload resource="classpath:dwScripts/fromPayloadToJava.dwl" />
				</dw:transform-message>
			</when>
			<otherwise>
				<logger message="App revoked" level="INFO" doc:name="Logger" />
			</otherwise>
		</choice>
	</flow>

	<flow name="getsharepointSiteCollectionFlow">

		<set-variable variableName="serviceUrl"
			value="#[flowVars['tokenData']['subDomain']]" doc:name="ServiceUrl" />


		<http:request config-ref="HTTP_Request_Configuration"
			path="/_api/web/title" method="GET" doc:name="HTTP">
			<http:request-builder>
                <http:header headerName="Authorization" value="Bearer #[flowVars['tokenData']['accessToken']]"/>
                <http:header headerName="accept" value="application/json"/>


			</http:request-builder>

			<http:failure-status-code-validator
				values="500..599" />
		</http:request>
		<choice doc:name="Choice">
			<when expression="#[message.inboundProperties.'http.status'!=401]">
				<flow-ref name="checkResponseStatusCodeFlow" doc:name="checkResponseStatusCodeFlow" />
				<logger message="After First call #[message.payloadAs(java.lang.String)]"
					level="INFO" doc:name="Logger" />
				<dw:transform-message doc:name="Transform Message">
					<dw:set-payload resource="classpath:dwScripts/fromPayloadToJava.dwl" />
				</dw:transform-message>
			</when>
			<otherwise>
				<set-payload value="#[message.inboundProperties.'http.status']"
					doc:name="Set Payload" />
			</otherwise>
		</choice>


	</flow>
	<flow name="sharepointSubSitesFlow">
		<logger message="Insubsites flow #[message.payloadAs(java.lang.String)]"
			level="INFO" doc:name="Logger" />
		<http:request config-ref="HTTP_Request_Configuration"
			path="/_api/v2.0/sharePoint/site/sites" method="GET" doc:name="HTTP">
			<http:request-builder>
                <http:header headerName="Authorization" value="Bearer #[flowVars['tokenData']['accessToken']]"/>
                <http:header headerName="accept" value="application/json"/>

			</http:request-builder>
            <http:success-status-code-validator values="200..500"/>
		</http:request>
        <choice doc:name="Choice">
            <when expression="#[message.inboundProperties.'http.status'!=401]">
                <flow-ref name="checkResponseStatusCodeFlow" doc:name="checkResponseStatusCodeFlow"/>
                <dw:transform-message doc:name="Transform Message">
                    <dw:set-payload resource="classpath:dwScripts/fromPayloadToJava.dwl"/>
                </dw:transform-message>
            </when>
            <otherwise>
                <logger message="After App Revoked" level="INFO" doc:name="Logger"/>
            </otherwise>
        </choice>

	</flow>

	<flow name="getSharepointFoldersFlow">
		<set-variable variableName="serviceUrl"
			value="#[flowVars['tokenData']['subDomain']]" doc:name="SubDomain" />
		<flow-ref name="sharepointToSetBasePath" doc:name="sharepointToSetBasePath" />

		<http:request config-ref="HTTP_Request_SharepointUser_Configuration"
			path="drive/root/children" method="GET" doc:name="Http Folders and Files">
			<http:request-builder>
				<http:header headerName="Authorization"
					value="Bearer #[flowVars['tokenData']['accessToken']]" />
				<http:header headerName="accept" value="application/json" />


			</http:request-builder>
			<http:failure-status-code-validator
				values="500..599" />
		</http:request>
		<logger message="In folders call #[message.payloadAs(java.lang.String)]"
			level="INFO" doc:name="Logger" />
		<choice doc:name="Choice">
			<when
				expression="#[message.inboundProperties.'http.status' != 401&amp;&amp;message.inboundProperties.'http.status' != 404]">
				<flow-ref name="checkResponseStatusCodeFlow" doc:name="checkResponseStatusCodeFlow" />
				<logger message="In folders call #[message.payloadAs(java.lang.String)]"
					level="INFO" doc:name="Logger" />
				<dw:transform-message doc:name="Transform Response to Java">
					<dw:set-payload resource="classpath:dwScripts/fromPayloadToJava.dwl" />
				</dw:transform-message>
			</when>
			<otherwise>
				<logger level="INFO" doc:name="Logger"
					message="Getting errrors at bringing folder,files" />
			</otherwise>
		</choice>


	</flow>

	<flow name="formatMessageFlow">

		<dw:transform-message doc:name="Build Post Format Message Request">
			<dw:input-payload doc:sample="sample_data\json.json" />
			<dw:set-variable resource="classpath:dwScripts/fromPayloadToJava.dwl"
				variableName="response" />
		</dw:transform-message>

		<dw:transform-message doc:name="Build Format Message Response">
			<dw:set-payload resource="classpath:dwScripts/buildFormattedResponse.dwl" />
		</dw:transform-message>

	</flow>
	<flow name="sharepointDeleteFlow">
		<http:request config-ref="HTTP_Request_SharepointUser_Configuration"
			path="/drive/root/subscriptions/#[flowVars.hookId]" method="DELETE"
			doc:name="HTTP">
			<http:request-builder>
				<http:header headerName="Authorization" value="Bearer #[flowVars.token]" />
			</http:request-builder>
		</http:request>
		<choice doc:name="Choice">
			<when expression="#[message.inboundProperties.'http.status'==204]">
				<logger level="INFO" doc:name="Logger" message="Token deleted successfully" />
			</when>
			<otherwise>
				<logger level="INFO" doc:name="Logger"
					message="Getting errors at webhook deletion" />
			</otherwise>
		</choice>
	</flow>
	<flow name="UpdateWebhookFlow">
		<logger level="INFO" doc:name="Logger" message="Within the webhook Update flow" />
		<set-variable variableName="expiryTime"
			value="#[server.dateTime.changeTimeZone('UTC').plusMonths(5).format()]"
			doc:name="Variable" />
		<dw:transform-message doc:name="Transform Message">
			<dw:set-payload><![CDATA[%dw 1.0
%output application/json
---
{
	 "expirationDateTime": flowVars.expiryTime
}]]></dw:set-payload>
		</dw:transform-message>
		<http:request config-ref="HTTP_Request_SharepointUser_Configuration"
			path="/drive/root/subscriptions/#[flowVars.hookId]" method="PATCH"
			doc:name="HTTP">
			<http:request-builder>
				<http:header headerName="Authorization" value="Bearer #[flowVars.token]" />
			</http:request-builder>
		</http:request>
		<logger message="After Updating the Time for WEbhook" level="INFO"
			doc:name="Logger" />
	</flow>

	<flow name="checkResponseStatusCodeFlow">
		<validation:is-true config-ref="Validation_Configuration"
			expression="#[message.inboundProperties.'http.status' != 429]"
			doc:name="Validation" />
	</flow>

	<flow name="sharepoint-api-callsForRefreshAccessTokenFlow">
		<logger
			message="Creation of access token using refresh token flow:#[message.payloadAs(java.lang.String)],path:${sharepoint.api.access.token.path},host:${sharepoint.api.access.token.host}"
			level="INFO" doc:name="Logger" />

		<http:request config-ref="HTTP_Request_sharepoint_Token_Configuration"
			path="${sharepoint.api.access.token.path}" method="POST" doc:name="Http To ">
			<http:request-builder>
                <http:header headerName="Content-Type" value="application/x-www-form-urlencoded"/>



			</http:request-builder>
			<http:success-status-code-validator
				values="200..599" />
		</http:request>
		<object-to-string-transformer
			returnClass="java.lang.String" doc:name="Object to String" />
		<json:object-to-json-transformer
			doc:name="Object to JSON" />
        <choice doc:name="Choice">
            <when expression="#[message.inboundProperties.'http.status'==400]">
                <dw:transform-message doc:name="Transform Message">
                    <dw:set-payload><![CDATA[%dw 1.0
%output application/json
---
{
	"isValidToken":false
}]]></dw:set-payload>
                </dw:transform-message>
            </when>
            <otherwise>
                <dw:transform-message doc:name="Transform Message">
                    <dw:set-variable resource="classpath:dwScripts/fromPayloadToJava.dwl" variableName="refreshTokenResponse"/>
                </dw:transform-message>
            </otherwise>
        </choice>



	</flow>
	<flow name="GetShareointCursorPosition">
		<vm:inbound-endpoint exchange-pattern="request-response"
			path="deltaCheck" connector-ref="VM" doc:name="VM" />
		<http:request config-ref="HTTP_Request_SharepointUser_Configuration"
			path="/drive/root/view.delta" method="GET" doc:name="HTTP">
			<http:request-builder>
                <http:query-param paramName="token" value="#[flowVars.deltaToken]"/>
                <http:header headerName="Authorization" value="Bearer #[flowVars.token]"/>




			</http:request-builder>
		</http:request>
		<choice doc:name="Choice">
			<when expression="#[message.inboundProperties.'http.status'.toString()=='200']">
				<dw:transform-message doc:name="Transform Message">
					<dw:set-variable resource="classpath:dwScripts/fromPayloadToJava.dwl"
						variableName="newDeltaToken" />
				</dw:transform-message>
				<set-variable variableName="newDeltaStatus"
					value="#[message.inboundProperties.'http.status']" doc:name="Variable" />
			</when>
			<otherwise>
				<set-variable variableName="newDeltaStatus"
					value="#[message.inboundProperties.'http.status']" doc:name="Variable" />
			</otherwise>
		</choice>


	</flow>

	<!-- FRom here one drive mail pool calss starts -->

	<flow name="Sharepoint-Pool-callsFlow">
		<vm:inbound-endpoint exchange-pattern="one-way"
			path="sharePointWebhookExpiryChecking" doc:name="syncChangeVmCall" />
		<dw:transform-message doc:name="Transform Message">
			<dw:set-payload><![CDATA[%dw 1.0
%output application/java
---
sessionVars.maap]]></dw:set-payload>
		</dw:transform-message>



		<set-variable variableName="integrationId" value="${sharepoint.integrationId}"
			doc:name="SetIntegrationId" />
		<set-payload
			value="#[{'userId':sessionVars.userId,'integrationId':flowVars.integrationId}]"
			doc:name="Set Payload" />
		<logger message="Payload vaulue in polling flow #[payload]"
			level="INFO" doc:name="Logger" />
		<enricher target="#[flowVars['tokenResponse']]" doc:name="Message Enricher">
			<vm:outbound-endpoint exchange-pattern="request-response"
				path="checkTokenExpires" doc:name="CheckTokenExpires Call"
				connector-ref="VM" />
		</enricher>
		<choice doc:name="Choice">
			<when
				expression="#[flowVars['tokenResponse']!=null||flowVars['tokenResponse']!=empty]">
				<set-variable variableName="instanceUuidList"
					value="#[sessionVars.maap.get(sessionVars.userId)]" doc:name="instanceUuidList" />
				<foreach collection="#[flowVars.instanceUuidList]" doc:name="For Each Entries in EventData">
					<set-variable variableName="instanceuuid"
						value="#[payload['instanceUuid']]" doc:name="Set InstanceUuid" />
					<set-variable variableName="instanceId" value="#[payload['instanceId']]"
						doc:name="InstanceId" />
					<set-payload value="#[payload['configJson']]" doc:name="Set Payload" />
					<logger message="ConfigJson:#[payload]" level="INFO"
						doc:name="Logger" />
					<json:json-to-object-transformer
						returnClass="java.util.Map" doc:name="JSON to Object" />
					<logger
						message="The configJson is::::#[message.payloadAs(java.lang.String)]"
						level="INFO" doc:name="Logger" />
					<set-variable variableName="configJson" value="#[payload]"
						doc:name="SetConfigJson" />
					<set-variable variableName="serviceUrl"
						value="#[flowVars['tokenResponse']['subDomain']]" doc:name="ServiceUrl" />
					<choice doc:name="Choice">
						<when expression="#[flowVars['configJson']['siteUrl']=='/']">
							<set-variable variableName="basePath" value="_api/v2.0"
								doc:name="Variable" />
						</when>
						<otherwise>
							<set-variable variableName="basePath"
								value="#[flowVars['configJson']['siteUrl']]" doc:name="Variable" />
							<choice doc:name="Choice">
								<when expression="#[flowVars['basePath'].contains('/SitePages')]">
									<expression-component doc:name="Expression"><![CDATA[flowVars['basePath']=flowVars['basePath'].toString().split('.com')[1];
flowVars['basePath']=flowVars['basePath'].replace('/SitePages/Home.aspx','');
flowVars['basePath']=flowVars['basePath'].concat('/_api/v2.0');]]></expression-component>
								</when>
								<when
									expression="#[flowVars['basePath'].toString().endsWith('sharepoint.com')]">
									<set-variable variableName="basePath" value="_api/v2.0"
										doc:name="Variable" />
								</when>
								<otherwise>
									<expression-component doc:name="Expression"><![CDATA[flowVars['basePath']=flowVars['basePath'].toString().split('.com')[1];
flowVars['basePath']=flowVars['basePath'].concat('/_api/v2.0');]]></expression-component>
								</otherwise>
							</choice>
						</otherwise>
					</choice>
					<set-variable variableName="deltaLink"
						value="#[flowVars['configJson']['deltaToken']]" doc:name="SetDeltaPosition" />
					<set-variable variableName="userId" value="#[sessionVars['userId']]"
						doc:name="SetUserId" />
					<set-variable variableName="ServerTimeIs"
						value="#[(new org.mule.el.datetime.DateTime(server.dateTime)).plusDays(7)]"
						doc:name="Variable" />
					<choice doc:name="Choice">
						<when expression="#[flowVars['configJson']['expireTime']!=null]">
							<set-variable variableName="expireTime"
								value="#[(new org.mule.el.datetime.DateTime(flowVars['configJson']['expireTime']))]"
								doc:name="Variable" />
							<choice doc:name="Choice">
								<when expression="#[flowVars.ServerTimeIs.isBefore(flowVars.expireTime)]">
									<logger message="The latest changes are #[flowVars['changeResponse']]"
										level="INFO" doc:name="Logger" />
									<set-variable variableName="UpdateResponse"
										value="#[flowVars['configJson']['expireTime']]" doc:name="Variable" />
								</when>
								<otherwise>
									<logger message="In payload zero flowww" level="INFO"
										doc:name="Logger" />
									<set-variable variableName="hookId"
										value="#[flowVars['configJson']['webhookUuid']]" doc:name="Variable" />
									<set-variable variableName="token"
										value="#[flowVars['tokenResponse']['accessToken']]" doc:name="AccessToken" />
									<flow-ref name="UpdateWebhookFlow" doc:name="UpdateWebhookFlow" />
									<set-variable variableName="UpdateResponse"
										value="#[json:expirationDateTime]" doc:name="Variable" />
								</otherwise>
							</choice>
						</when>
						<otherwise>
							<set-variable variableName="hookId"
								value="#[flowVars['configJson']['webhookUuid']]" doc:name="Variable" />
							<set-variable variableName="token"
								value="#[flowVars['tokenResponse']['accessToken']]" doc:name="Variable" />
							<flow-ref name="UpdateWebhookFlow" doc:name="Flow Reference" />
							<set-variable variableName="UpdateResponse"
								value="#[json:expirationDateTime]" doc:name="Variable" />
						</otherwise>
					</choice>
					<dw:transform-message doc:name="Transform Message">
						<dw:set-payload><![CDATA[%dw 1.0
%output application/json
---
{
	
	"configJson": {
		"notifications": flowVars['configJson']['notifications'],
		"item_id": flowVars['configJson']['item_id'],
		"siteUrl": flowVars['configJson']['siteUrl'],
		"sub_item_id": flowVars['configJson']['sub_item_id'],
		"resources":flowVars['configJson']['resources'],
		"displayName":flowVars['configJson']['displayName'],
		"dropDownValue":flowVars['configJson']['dropDownValue'],
		"deltaToken":flowVars['newDeltaToken'],
		"selected_id":flowVars['configJson']['selected_id'],
		"search_id":flowVars['configJson']['search_id'],
		"search_path":flowVars['configJson']['search_path'],
		"webhookUuid":flowVars['configJson']['webhookUuid'],
		"site_modified": flowVars['configJson']['site_modified'],
		"old_site_url":flowVars['configJson']['old_site_url'],
		"expireTime":flowVars['UpdateResponse']
	}
}]]></dw:set-payload>
					</dw:transform-message>
					<flow-ref name="sharepointUpdateIntegrationInstance"
						doc:name="sharepointUpdateIntegrationInstance" />
					<logger message="The input chage response" level="INFO"
						doc:name="Logger" />

				</foreach>



			</when>
			<otherwise>
				<logger level="INFO" doc:name="Expires Null Logger" />
			</otherwise>
		</choice>
		<choice-exception-strategy doc:name="Choice Exception Strategy">
			<catch-exception-strategy
				when="#[exception.causedBy(org.mule.module.http.internal.request.ResponseValidatorException)]"
				doc:name="Catch Exception Strategy">
				<logger message="Exception found #[exception.message]" level="INFO"
					doc:name="Logger" />
			</catch-exception-strategy>
		</choice-exception-strategy>


	</flow>
	<flow name="sharepointPathConstructing" processingStrategy="synchronous">
		<set-variable variableName="searchId"
			value="#[flowVars['configJson']['selected_id']]" doc:name="Variable" />

		<http:request config-ref="HTTP_Request_SharepointUser_Configuration"
			path="/drive/items/#[flowVars['searchId']]" method="GET" doc:name="HTTP">
			<http:request-builder>
				<http:header headerName="Authorization"
					value="Bearer #[flowVars.tokenResponse.accessToken]" />


			</http:request-builder>
		</http:request>
		<object-to-string-transformer doc:name="Object to String" />
		<dw:transform-message doc:name="Transform Message">
			<dw:set-variable variableName="folderConfig"><![CDATA[%dw 1.0
%output application/java
---
payload]]></dw:set-variable>
		</dw:transform-message>
		<set-variable variableName="parentName"
			value="#[flowVars['folderConfig']['name']]" doc:name="Variable" />
		<expression-component doc:name="Expression"><![CDATA[flowVars['folderConfig']['parentReference']['path']=flowVars['folderConfig']['parentReference']['path'].concat('/');
flowVars['parentName']=flowVars['folderConfig']['parentReference']['path'].toString().concat(flowVars['parentName']);
flowVars['parentName']=flowVars['parentName'].replace('/drive/root:/','');]]></expression-component>
	</flow>
	<flow name="sharepointWebhooksFlow">
		<logger
			message="With in message Formate flow :::: #[message.payloadAs(java.lang.String)]===="
			level="INFO" doc:name="Logger" />
		<dw:transform-message doc:name="Transform Message">
			<dw:set-variable variableName="resp"><![CDATA[%dw 1.0
%output application/java
---
payload]]></dw:set-variable>
		</dw:transform-message>
		<set-variable variableName="triggeredTime"
			value="#[server.dateTime.changeTimeZone('UTC').plusSeconds(-20)]"
			doc:name="triggeredTimeRemovingSecs" />
		<set-variable variableName="OriginalTriggerTime"
			value="#[server.dateTime.changeTimeZone('UTC')]" doc:name="Variable" />
		<logger
			message="ServerTime at hitting the message formate Flow #[server.dateTime.changeTimeZone('UTC')]===userId:#[flowVars.triggeredTime]"
			level="INFO" doc:name="Logger" />
		<set-payload
			value="#[{'userId':flowVars.resp.instanceDetails.userId,'integrationId':flowVars.resp.instanceDetails.integrationId}]"
			doc:name="Set Payload" />
		<enricher target="#[flowVars['tokenResponse']]" doc:name="Message Enricher">
			<vm:outbound-endpoint exchange-pattern="request-response"
				path="checkTokenExpires" doc:name="CheckTokenExpires Call"
				connector-ref="VM" />
		</enricher>

		<set-variable variableName="instanceId"
			value="#[flowVars['resp']['instanceDetails']['instanceId']]"
			doc:name="InstanceId" />
		<set-variable variableName="instanceuuid"
			value="#[flowVars['resp']['instanceDetails']['instanceUuid']]"
			doc:name="Variable" />
		<set-payload value="#[flowVars.resp.instanceDetails.configJson]"
			doc:name="Set Payload" />
		<logger message="ConfigJson:#[payload]" level="INFO" doc:name="Logger" />
		<json:json-to-object-transformer
			returnClass="java.util.Map" doc:name="JSON to Object" />
		<logger message="The configJson is::::#[message.payloadAs(java.lang.String)]"
			level="INFO" doc:name="Logger" />
		<set-variable variableName="configJson" value="#[payload]"
			doc:name="SetConfigJson" />
		<set-variable variableName="serviceUrl"
			value="#[flowVars['tokenResponse']['subDomain']]" doc:name="ServiceUrl" />
		<choice doc:name="Choice">
			<when expression="#[flowVars['configJson']['siteUrl']=='/']">
				<set-variable variableName="basePath" value="_api/v2.0"
					doc:name="Variable" />
			</when>
			<otherwise>
				<set-variable variableName="basePath"
					value="#[flowVars['configJson']['siteUrl']]" doc:name="Variable" />
				<choice doc:name="Choice">
					<when expression="#[flowVars['basePath'].contains('/SitePages')]">
						<expression-component doc:name="Expression"><![CDATA[flowVars['basePath']=flowVars['basePath'].toString().split('.com')[1];
flowVars['basePath']=flowVars['basePath'].replace('/SitePages/Home.aspx','');
flowVars['basePath']=flowVars['basePath'].concat('/_api/v2.0');]]></expression-component>
					</when>
					<when
						expression="#[flowVars['basePath'].toString().endsWith('sharepoint.com')]">
						<set-variable variableName="basePath" value="_api/v2.0"
							doc:name="Variable" />
					</when>
					<otherwise>
						<expression-component doc:name="Expression"><![CDATA[flowVars['basePath']=flowVars['basePath'].toString().split('.com')[1];
flowVars['basePath']=flowVars['basePath'].concat('/_api/v2.0');]]></expression-component>
					</otherwise>
				</choice>
			</otherwise>
		</choice>
		<set-variable variableName="deltaLink"
			value="#[flowVars['configJson']['deltaToken']]" doc:name="SetDeltaPosition" />
		<set-variable variableName="userId"
			value="#[flowVars.resp.instanceDetails.userId]" doc:name="SetUserId" />
		<http:request config-ref="HTTP_Request_SharepointUser_Configuration"
			path="/drive/root/view.delta" method="GET"
			doc:name="HTTPCall To get SharePoint Delta Token">
			<http:request-builder>
				<http:query-param paramName="token"
					value="#[flowVars['deltaLink']]" />
				<http:header headerName="Authorization"
					value="Bearer #[flowVars['tokenResponse']['accessToken']]" />

			</http:request-builder>
			<http:failure-status-code-validator
				values="500..599" />
		</http:request>
		<choice doc:name="Choice">
			<when
				expression="#[message.inboundProperties.'http.status'!=410&amp;&amp;message.payloadAs(java.lang.String)!=empty]">
				<logger message="The latest changes are #[payload]" level="INFO"
					doc:name="Logger" />
				<dw:transform-message doc:name="Transform Message">
					<dw:set-variable variableName="changeResponse"
						resource="classpath:dwScripts/fromPayloadToJava.dwl" />
				</dw:transform-message>

			</when>
			<when
				expression="#[(message.payloadAs(java.lang.String).contains('error')||message.payloadAs(java.lang.String)==empty)]">
				<logger message="In payload zero flowww" level="INFO"
					doc:name="Logger" />
				<dw:transform-message doc:name="Transform Message">
					<dw:set-variable variableName="changeResponse"><![CDATA[%dw 1.0
%output application/java
---
{
	value:[]
}]]></dw:set-variable>
				</dw:transform-message>
			</when>
			<otherwise>
				<logger
					message="When i got 410 status:::::::::::#[flowVars.newDeltaToken.'@delta.token']"
					level="INFO" doc:name="Logger" />
				<set-variable variableName="token"
					value="#[flowVars['tokenResponse']['accessToken']]" doc:name="token" />
				<set-variable variableName="deltaToken" value="latest"
					doc:name="deltaToken" />
				<set-variable variableName="basePath" value="#[flowVars['basePath']]"
					doc:name="Variable" />
				<flow-ref name="GetShareointCursorPosition" doc:name="GetShareointCursorPosition" />
				<dw:transform-message doc:name="Transform Message">
					<dw:set-variable variableName="changeResponse"><![CDATA[%dw 1.0
%output application/java
---
flowVars.newDeltaToken]]></dw:set-variable>
				</dw:transform-message>
			</otherwise>
		</choice>
		<set-variable variableName="newDeltaToken"
			value="#[flowVars.changeResponse.'@delta.token']" doc:name="NewDeltaToken" />
		<set-variable variableName="token"
			value="#[flowVars['tokenResponse']['accessToken']]" doc:name="AccessToken" />
		<set-payload value="#[flowVars['changeResponse']]"
			mimeType="application/json" doc:name="Set changeResponse to Payload " />
		<json:object-to-json-transformer
			doc:name="Object to JSON" />
		<dw:transform-message doc:name="Set eventData as Java">
			<dw:set-variable resource="classpath:dwScripts/fromPayloadToJava.dwl"
				variableName="eventData" />
		</dw:transform-message>
		<dw:transform-message doc:name="Transform Message">
			<dw:set-payload><![CDATA[%dw 1.0
%output application/json
---
{
	
	"configJson": {
		"notifications": flowVars['configJson']['notifications'],
		"item_id": flowVars['configJson']['item_id'],
		"siteUrl": flowVars['configJson']['siteUrl'],
		"sub_item_id": flowVars['configJson']['sub_item_id'],
		"resources":flowVars['configJson']['resources'],
		"displayName":flowVars['configJson']['displayName'],
		"dropDownValue":flowVars['configJson']['dropDownValue'],
		"deltaToken":flowVars['newDeltaToken'],
		"selected_id":flowVars['configJson']['selected_id'],
		"search_id":flowVars['configJson']['search_id'],
		"search_path":flowVars['configJson']['search_path'],
		"webhookUuid":flowVars['configJson']['webhookUuid'],
		"site_modified": flowVars['configJson']['site_modified'],
		"old_site_url":flowVars['configJson']['old_site_url'],
		"expireTime":flowVars['configJson']['expireTime']
	}
}]]></dw:set-payload>
		</dw:transform-message>
		<choice doc:name="Choice">
			<when expression="#[flowVars.changeResponse.value.size()==0]">
				<logger level="INFO" doc:name="Logger" message="There are nochanges" />
				<flow-ref name="sharepointUpdateIntegrationInstance"
					doc:name="sharepointUpdateIntegrationInstance" />
			</when>
			<when expression="#[flowVars.changeResponse.value.size()&gt;=0]">
				<logger level="INFO" doc:name="Logger" message="The input chage response" />
				<flow-ref name="sharepointUpdateIntegrationInstance"
					doc:name="sharepointUpdateIntegrationInstance" />
				<dw:transform-message doc:name="Transform Message">
					<dw:set-variable variableName="notificationType"><![CDATA[%dw 1.0
%output application/java
---
flowVars['configJson']['notifications']]]></dw:set-variable>

				</dw:transform-message>
				<set-variable variableName="file" value="" doc:name="Variable" />
				<set-variable variableName="Example"
					value="#[new java.util.ArrayList()]" doc:name="Variable" />
				<foreach collection="#[flowVars.eventData.value]" doc:name="For Each">
					<flow-ref name="latestEvetnResponses" doc:name="latestEvetnResponses" />
				</foreach>
				<logger message="The message is #[flowVars.postMessage]"
					level="INFO" doc:name="Logger" />
				<dw:transform-message doc:name="Transform Message">
					<dw:set-payload><![CDATA[%dw 1.0
%output application/json
---
{
    "formatMessage":flowVars.Example
}]]></dw:set-payload>
				</dw:transform-message>


			</when>
			<otherwise>
				<logger level="INFO" doc:name="Logger" message="If changes is having errors" />
			</otherwise>
		</choice>

	</flow>
	<flow name="latestEvetnResponses">
		<logger message="ForEachFlow" level="INFO" doc:name="Logger" />

		<set-variable variableName="processMessage" value="#[payload]"
			doc:name="processMessage" />
		<logger message="With in foreach #[payload]" level="INFO"
			doc:name="Logger" />
		<choice doc:name="ChoiceForFolder">
			<when expression="#[flowVars.processMessage.containsKey('root')==true]">
				<logger message="Rootis changed" level="INFO" doc:name="Logger" />
			</when>
			<when
				expression="#[flowVars['configJson']['item_id']!='all'&amp;&amp;flowVars['configJson']['item_id']!='rootfolders'&amp;&amp;flowVars['configJson']['item_id']!='rootfiles'&amp;&amp;flowVars['configJson']['item_id']!=flowVars['processMessage']['id']&amp;&amp;flowVars['processMessage']['parentReference']['id']!=flowVars.eventData.value[0].id]">
				<set-variable variableName="checkItemId"
					value="#[flowVars['processMessage']['parentReference']['path']]"
					doc:name="checkItemId" />

				<http:request config-ref="HTTP_Request_SharepointUser_Configuration"
					path="/drive/items/#[flowVars.processMessage.parentReference.id]"
					method="GET" doc:name="HTTP for parent details">
					<http:request-builder>
						<http:query-param paramName="select"
							value="id,name,parentReference" />
						<http:header headerName="Authorization"
							value="Bearer #[flowVars.tokenResponse.accessToken]" />


					</http:request-builder>
					<http:success-status-code-validator
						values="200..499" />
				</http:request>
				<object-to-string-transformer doc:name="Object to String" />
				<dw:transform-message doc:name="Transform Message">
					<dw:set-variable resource="classpath:dwScripts/fromPayloadToJava.dwl"
						variableName="commentInfo" />
				</dw:transform-message>
				<set-variable variableName="searchItemName"
					value="#[flowVars['commentInfo']['name']]" doc:name="SearchItemName" />
				<set-variable variableName="searchId"
					value="#[flowVars['configJson']['selected_id']]" doc:name="SearchId" />

				<set-variable variableName="parentData" value="true"
					doc:name="Variable" />
				<http:request config-ref="HTTP_Request_SharepointUser_Configuration"
					path="/drive/items/#[flowVars['searchId']]" method="GET"
					doc:name="HTTP to Get Search Values">
					<http:request-builder>
						<http:header headerName="Authorization"
							value="Bearer #[flowVars.tokenResponse.accessToken]" />




					</http:request-builder>
					<http:success-status-code-validator
						values="200..500" />
				</http:request>
				<object-to-string-transformer doc:name="Object to String" />
				<dw:transform-message doc:name="Transform Message">
					<dw:set-variable resource="classpath:dwScripts/fromPayloadToJava.dwl"
						variableName="folderConfig" />
				</dw:transform-message>
				<choice doc:name="Choice">
					<when
						expression="#[flowVars['folderConfig'].toString().contains('parentReference')]">
						<set-variable variableName="parentName"
							value="#[flowVars['folderConfig']['name']]" doc:name="Variable" />
						<expression-component doc:name="Expression"><![CDATA[flowVars['folderConfig']['parentReference']['path']=flowVars['folderConfig']['parentReference']['path'].concat('/');
flowVars['parentName']=flowVars['folderConfig']['parentReference']['path'].toString().concat(flowVars['parentName']);]]></expression-component>
						<choice doc:name="Choice">
							<when
								expression="#[flowVars.checkItemId.concat('/'+flowVars.processMessage.name).startsWith(flowVars.parentName)]">
								<foreach collection="#[flowVars.folderConfig.value]"
									doc:name="For Each">
									<choice doc:name="Choice">
										<when
											expression="#[payload.id==flowVars['checkItemId']||payload.id==flowVars.processMessage.id||flowVars.parentData==true]">
											<set-variable variableName="parentData" value="true"
												doc:name="parenData" />
										</when>
										<otherwise>
											<set-variable variableName="parentData" value="false"
												doc:name="parentData" />
										</otherwise>
									</choice>
								</foreach>
							</when>
							<otherwise>
								<set-variable variableName="parentData" value="false"
									doc:name="parentData" />
							</otherwise>
						</choice>
					</when>
					<otherwise>
						<logger message="#[flowVars['folderConfig']]" level="INFO"
							doc:name="Logger" />
						<set-variable variableName="parentData" value="false"
							doc:name="Variable" />
					</otherwise>
				</choice>
				<logger
					message="With in for each before decision making+++++#[flowVars.parentData]==========#[flowVars.folderConfig]"
					level="INFO" doc:name="Logger" />
			</when>
			<otherwise>
				<logger message="In default flow" level="INFO" doc:name="Logger" />
			</otherwise>
		</choice>
		<choice doc:name="ChoiceFor Main MEssage format">
			<when expression="#[flowVars.processMessage.containsKey('root')==true]">
				<logger message="Root folder No posting for that" level="INFO"
					doc:name="Logger" />
			</when>
			<when
				expression="#[flowVars['configJson']['item_id']=='all'||(flowVars['configJson']['item_id']=='rootfolders')||(flowVars['configJson']['item_id']=='rootfiles'&amp;&amp;(flowVars['processMessage']['parentReference']['id']==flowVars.eventData.value[0].id||flowVars['processMessage']['id']==flowVars['processMessage']['parentReference']['id'])&amp;&amp;flowVars.processMessage.containsKey('file'))||flowVars['parentData']==true||flowVars['configJson']['item_id']==flowVars['processMessage']['id']||((flowVars['configJson']['item_id']!=flowVars['processMessage']['id']||flowVars['configJson']['sub_item_id']==flowVars['processMessage']['id'])&amp;&amp;flowVars.processMessage.containsKey('deleted'))]">
				<choice doc:name="Choice For Delete Formatting">
					<when expression="#[flowVars.processMessage.containsKey('deleted')!=true]">
						<logger
							message="The modified Time is ::#[flowVars.processMessage.lastModifiedDateTime], CreatedModifiedTime++++#[flowVars.processMessage.createdDateTime] sever time #[server.dateTime]...after adding seconds #[server.dateTime.changeTimeZone('UTC').plusSeconds(-40)]==FileName #[flowVars.processMessage.name]"
							level="INFO" doc:name="Logger" />
                        <expression-component doc:name="Expression"><![CDATA[flowVars.a=flowVars.processMessage.fileSystemInfo.createdDateTime;
flowVars.b=flowVars.processMessage.fileSystemInfo.lastModifiedDateTime;]]></expression-component>
                        <logger message="Before Java #[flowVars.a]==#[flowVars.b]" level="INFO" doc:name="Logger"/>
						<invoke name="GettingTimeDifferences" object-ref="timediffernces"
							method="timediff"
							methodArguments="#[flowVars.a],#[flowVars.b]"
							methodArgumentTypes="java.lang.String,java.lang.String" doc:name="Invoke" />
                        <logger message="After Java #[payload]" level="INFO" doc:name="Logger"/>
						<set-variable variableName="timeChanges" value="#[payload]"
							doc:name="Variable" />
						<choice doc:name="Choice For Message Formatting">
							<when
								expression="#[flowVars.timeChanges&lt;10&amp;&amp;((new org.mule.el.datetime.DateTime(flowVars['processMessage']['createdDateTime'])).isAfter(server.dateTime.changeTimeZone('UTC').plusSeconds(-60))&amp;&amp;(flowVars.processMessage.containsKey('name')))]">
								<choice doc:name="Choice">
									<when
										expression="#[(flowVars['configJson']['item_id']=='rootfolders')&amp;&amp;(flowVars['processMessage']['parentReference']['id']==flowVars.eventData.value[0].id&amp;&amp;flowVars.processMessage.containsKey('file'))]">
										<logger message="Root File No operation when se;lected RootFolder"
											level="INFO" doc:name="Logger" />
									</when>
									<otherwise>
										<flow-ref name="sharepointCreateMessageFlow"
											doc:name="sharepointCreateMessageFlow" />

									</otherwise>
								</choice>
							</when>
							<when
								expression="#[((new org.mule.el.datetime.DateTime(flowVars.processMessage.fileSystemInfo.lastModifiedDateTime)).isAfter((new org.mule.el.datetime.DateTime(flowVars.processMessage.fileSystemInfo.createdDateTime).plusSeconds(10))))&amp;&amp;((new org.mule.el.datetime.DateTime(flowVars.processMessage.fileSystemInfo.lastModifiedDateTime)).plusSeconds(20)).isAfter(server.dateTime.changeTimeZone('UTC').plusSeconds(-50))&amp;&amp;(flowVars.processMessage.containsKey('name'))]">
								<choice doc:name="Choice">
									<when
										expression="#[(flowVars['configJson']['item_id']=='rootfolders')&amp;&amp;(flowVars['processMessage']['parentReference']['id']==flowVars.eventData.value[0].id&amp;&amp;flowVars.processMessage.containsKey('file'))]">
										<logger message="Nothing to perform" level="INFO"
											doc:name="Logger" />
									</when>
									<otherwise>
										<logger message="Update message flow" level="INFO"
											doc:name="Logger" />
										<flow-ref name="updateMessageFormateFlow" doc:name="updateMessageFormateFlow" />

									</otherwise>
								</choice>
							</when>
							<otherwise>
								<set-variable variableName="postMessage" value=""
									doc:name="postMessage" />
							</otherwise>
						</choice>
					</when>
					<when
						expression="#[flowVars['configJson']['item_id']=='all'||(flowVars['configJson']['item_id']=='rootfolders')||(flowVars['configJson']['item_id']=='rootfiles')||(flowVars['processMessage']['parentReference']['id']==flowVars.eventData.value[0].id||flowVars['processMessage']['id']==flowVars['processMessage']['parentReference']['id'])||flowVars['parentData']==true||flowVars['configJson']['item_id']==flowVars['processMessage']['id']]">
						<logger message="Delete Logger" level="INFO" doc:name="Delete Looger" />
						<choice doc:name="Choice">
							<when expression="#[flowVars.file=='Deleted']">
								<logger level="INFO" doc:name="Logger" message="There is nothin" />
							</when>
							<otherwise>
								<object-to-string-transformer
									doc:name="Object to String" />
								<http:request config-ref="HTTP_Request_SharepointUser_Configuration"
									path="/drive/items/#[flowVars.processMessage.parentReference.id]"
									method="GET" doc:name="HTTP">
									<http:request-builder>
										<http:header headerName="Authorization"
											value="Bearer #[flowVars.tokenResponse.accessToken]" />


									</http:request-builder>
									<http:success-status-code-validator
										values="0..599" />
								</http:request>
								<logger message="After Http#[message,payloadAs(java.lang.String)]"
									level="INFO" doc:name="Logger" />
								<dw:transform-message doc:name="Transform Message">
									<dw:set-variable resource="classpath:dwScripts/fromPayloadToJava.dwl"
										variableName="parentDetails" />
								</dw:transform-message>
								<choice doc:name="Choice">
									<when
										expression="#[flowVars.configJson.item_id!='all'&amp;&amp;flowVars.configJson.item_id!='rootfolders'&amp;&amp;flowVars.configJson.item_id!='rootfiles']">
										<logger level="INFO" doc:name="Logger"
											message="The user selected file or folder" />
										<flow-ref name="sharepointPathConstructing" doc:name="sharepointPathConstructing" />
									</when>
									<otherwise>
										<logger message="Delete logger" level="INFO" doc:name="Logger" />
										<set-variable variableName="parentName"
											value="#[flowVars.configJson.item_id]" doc:name="Variable" />
									</otherwise>
								</choice>
								<choice doc:name="Choice">
									<when expression="#[flowVars.file=='Deleted']">
										<logger level="INFO" doc:name="Logger"
											message="The user selected file or folder" />
									</when>
									<otherwise>
										<logger level="INFO" doc:name="Logger"
											message="It is going to process the deleted messages" />
										<flow-ref name="DeletedFlow" doc:name="DeletedFlow" />
									</otherwise>
								</choice>
							</otherwise>

						</choice>

					</when>
					<otherwise>
						<set-variable variableName="postMessage" value=""
							doc:name="Variable" />
					</otherwise>
				</choice>
				<logger message="The message is #[flowVars['postMessage']]"
					level="INFO" doc:name="Logger" />
				<foreach collection="flowVars['notificationType']" doc:name="For Each">
					<choice doc:name="ChoiceFor Event Type Checking">
						<when expression="#[flowVars['eventType']==payload]">
							<set-variable variableName="postMessage"
								value="#[flowVars['postMessage']]" doc:name="Variable" />
							<set-variable variableName="postMessage11" value="#[flowVars.postMessage]"
								doc:name="Variable" />
							<logger
								message="Before the TFFFFFFFFF#[message.payloadAs(java.lang.String)]"
								level="INFO" doc:name="Logger" />
							<set-payload
								value="#[{&quot;markDown&quot;:flowVars['postMessage'],&quot;text&quot;:null,&quot;html&quot;:null}]"
								doc:name="Set Payload" />
							<expression-component doc:name="Expression"><![CDATA[Example.add(payload)]]></expression-component>
							<set-variable variableName="postMessage" value=""
								doc:name="Variable" />
						</when>
						<otherwise>
							<logger message="NO event found for the user" level="INFO"
								doc:name="Logger" />
						</otherwise>
					</choice>
				</foreach>


			</when>
			<otherwise>
				<logger message="Condition check became false for messageProcessor"
					level="INFO" doc:name="Logger" />
			</otherwise>
		</choice>
		<catch-exception-strategy doc:name="Catch Exception Strategy">
			<logger message="#[exception.message]" level="INFO" doc:name="Logger" />
		</catch-exception-strategy>

	</flow>
	<flow name="sharepointCreateMessageFlow">
        <logger message="Created message flow #[server.dateTime]" level="INFO" doc:name="Logger"/>
        <choice doc:name="Choice">
            <when expression="#[flowVars.processMessage.containsKey('folder')]">
                <choice doc:name="Choice for root folder">
                    <when expression="#[flowVars['processMessage']['parentReference']['id']!=flowVars.eventData.value[0].id]">
                        <http:request config-ref="HTTP_Request_SharepointUser_Configuration" path="/drive/items/#[flowVars.processMessage.id]" method="GET" doc:name="HTTP">
                            <http:request-builder>
                                <http:header headerName="Authorization" value="Bearer #[flowVars.tokenResponse.accessToken]"/>
                            </http:request-builder>
                        </http:request>
                        <object-to-string-transformer doc:name="Object to String"/>
                        <dw:transform-message doc:name="Transform Message">
                            <dw:set-variable resource="classpath:dwScripts/fromPayloadToJava.dwl" variableName="detailedPayload"/>
                        </dw:transform-message>
                        <http:request config-ref="HTTP_Request_SharepointUser_Configuration" path="/drive/items/#[flowVars.processMessage.parentReference.id]" method="GET" doc:name="HTTP">
                            <http:request-builder>
                                <http:header headerName="Authorization" value="Bearer #[flowVars.tokenResponse.accessToken]"/>
                            </http:request-builder>
                        </http:request>
                        <object-to-string-transformer doc:name="Object to String"/>
                        <dw:transform-message doc:name="Transform Message">
                            <dw:set-variable resource="classpath:dwScripts/fromPayloadToJava.dwl" variableName="parentDetails"/>
                        </dw:transform-message>
                        <set-variable variableName="postMessage" value="[#[flowVars['processMessage']['name']]](#[flowVars['processMessage']['webUrl']]) was created in [#[flowVars['parentDetails']['name']]](#[flowVars['parentDetails']['webUrl']]) by #[flowVars['detailedPayload']['createdBy']['user']['displayName']]" doc:name="Set post Message"/>
                    </when>
                    <otherwise>
                        <http:request config-ref="HTTP_Request_SharepointUser_Configuration" path="/drive/items/#[flowVars.processMessage.id]" method="GET" doc:name="HTTP">
                            <http:request-builder>
                                <http:header headerName="Authorization" value="Bearer #[flowVars.tokenResponse.accessToken]"/>
                            </http:request-builder>
                        </http:request>
                        <object-to-string-transformer doc:name="Object to String"/>
                        <dw:transform-message doc:name="Transform Message">
                            <dw:set-variable resource="classpath:dwScripts/fromPayloadToJava.dwl" variableName="detailedPayload"/>
                        </dw:transform-message>
                        <set-variable variableName="postMessage" value="[#[flowVars['processMessage']['name']]](#[flowVars['processMessage']['webUrl']]) was created in [Documents](#[flowVars.eventData.value[0].webUrl]) by #[flowVars['detailedPayload']['createdBy']['user']['displayName']]" doc:name="PostMessage"/>
                    </otherwise>
                </choice>
                <set-variable variableName="eventType" value="create" doc:name="set eventType"/>
            </when>
            <when expression="#[flowVars.processMessage.containsKey('file')]">
                <choice doc:name="ChoiceForFile">
                    <when expression="#[flowVars['processMessage']['parentReference']['id']!=flowVars.eventData.value[0].id]">
                        <http:request config-ref="HTTP_Request_SharepointUser_Configuration" path="/drive/items/#[flowVars.processMessage.parentReference.id]" method="GET" doc:name="Http Item Details">
                            <http:request-builder>
                                <http:header headerName="Authorization" value="Bearer #[flowVars.tokenResponse.accessToken]"/>
                            </http:request-builder>
                        </http:request>
                        <object-to-string-transformer doc:name="Object to String"/>
                        <dw:transform-message doc:name="Transform Message">
                            <dw:set-variable resource="classpath:dwScripts/fromPayloadToJava.dwl" variableName="parentDetails"/>
                        </dw:transform-message>
                        <http:request config-ref="HTTP_Request_SharepointUser_Configuration" path="/drive/items/#[flowVars.processMessage.id]" method="GET" doc:name="Http to Get Items details">
                            <http:request-builder>
                                <http:header headerName="Authorization" value="Bearer #[flowVars.tokenResponse.accessToken]"/>
                            </http:request-builder>
                        </http:request>
                        <object-to-string-transformer doc:name="Object to String"/>
                        <dw:transform-message doc:name="Transform Message">
                            <dw:set-variable resource="classpath:dwScripts/fromPayloadToJava.dwl" variableName="detailedPayload"/>
                        </dw:transform-message>
                        <set-variable variableName="postMessage" value="[#[flowVars['processMessage']['name']]](#[flowVars['processMessage']['webUrl']]) was created in [#[flowVars['parentDetails']['name']]](#[flowVars['parentDetails']['webUrl']]) by #[flowVars['detailedPayload']['createdBy']['user']['displayName']]" doc:name="SetPost Message"/>
                    </when>
                    <otherwise>
                        <http:request config-ref="HTTP_Request_SharepointUser_Configuration" path="/drive/items/#[flowVars.processMessage.id]" method="GET" doc:name="HTTP">
                            <http:request-builder>
                                <http:header headerName="Authorization" value="Bearer #[flowVars.tokenResponse.accessToken]"/>
                            </http:request-builder>
                        </http:request>
                        <object-to-string-transformer doc:name="Object to String"/>
                        <dw:transform-message doc:name="Transform Message">
                            <dw:set-variable resource="classpath:dwScripts/fromPayloadToJava.dwl" variableName="detailedPayload"/>
                        </dw:transform-message>
                        <set-variable variableName="postMessage" value="[#[flowVars['processMessage']['name']]](#[flowVars['processMessage']['webUrl']]) was created in [Documents](#[flowVars.eventData.value[0].webUrl]) by #[flowVars['detailedpayload']['createdBy']['user']['displayName']]" doc:name="postMessage"/>
                    </otherwise>
                </choice>
                <set-variable variableName="eventType" value="create" doc:name="Set Event Type"/>
            </when>
            <otherwise>
                <logger message="No message for file folder" level="INFO" doc:name="Logger"/>
            </otherwise>
        </choice>

	</flow>
	<flow name="updateMessageFormateFlow">
		<logger message="UpdateMessageFormateFlow" level="INFO"
			doc:name="Logger" />
		<http:request config-ref="HTTP_Request_SharepointUser_Configuration"
			path="/drive/items/#[flowVars.processMessage.id]" method="GET"
			doc:name="Http To Get Items">
			<http:request-builder>
				<http:header headerName="Authorization"
					value="Bearer #[flowVars.tokenResponse.accessToken]" />

			</http:request-builder>
		</http:request>
		<object-to-string-transformer doc:name="Object to String" />
		<dw:transform-message doc:name="Transform Message">
			<dw:set-variable resource="classpath:dwScripts/fromPayloadToJava.dwl"
				variableName="detailedPayload" />
		</dw:transform-message>
		<http:request config-ref="HTTP_Request_SharepointUser_Configuration"
			path="/drive/items/#[flowVars.detailedPayload.parentReference.id]"
			method="GET" doc:name="Http Parent Id">
			<http:request-builder>
				<http:header headerName="Authorization"
					value="Bearer #[flowVars.tokenResponse.accessToken]" />

			</http:request-builder>
		</http:request>
		<object-to-string-transformer doc:name="Object to String" />
		<dw:transform-message doc:name="Transform Message">
			<dw:set-variable resource="classpath:dwScripts/fromPayloadToJava.dwl"
				variableName="parentDetails" />
		</dw:transform-message>
		<choice doc:name="Choice In Change">
			<when expression="#[flowVars.processMessage.containsKey('file')]">
				<choice doc:name="Choice For File">
					<when
						expression="#[flowVars.processMessage.parentReference.id!=flowVars.eventData.value[0].id]">
						<set-variable variableName="postMessage"
							value="[#[flowVars['processMessage']['name']]](#[flowVars['processMessage']['webUrl']]) in [#[flowVars['parentDetails']['name']]](#[flowVars['parentDetails']['webUrl']]) was updated by #[flowVars['detailedPayload']['lastModifiedBy']['user']['displayName']]"
							doc:name="Other than root File Update" />
					</when>
					<otherwise>
						<set-variable variableName="postMessage"
							value="[#[flowVars['processMessage']['name']]](#[flowVars['processMessage']['webUrl']]) in [Documents](#[flowVars['parentDetails']['webUrl']]) was updated by #[flowVars['detailedPayload']['lastModifiedBy']['user']['displayName']]"
							doc:name="Root Update" />
					</otherwise>
				</choice>
			</when>
			<otherwise>
				<choice doc:name="Choice">
					<when
						expression="#[flowVars.processMessage.parentReference.id!=flowVars.eventData.value[0].id]">
						<set-variable variableName="postMessage"
							value="[#[flowVars['processMessage']['name']]](#[flowVars['processMessage']['webUrl']]) in [#[flowVars['parentDetails']['name']]](#[flowVars['parentDetails']['webUrl']]) was updated by #[flowVars['detailedPayload']['lastModifiedBy']['user']['displayName']]"
							doc:name="Other than Root Folder Update Message" />
					</when>
					<otherwise>
						<set-variable variableName="postMessage"
							value="[#[flowVars['processMessage']['name']]](#[flowVars['processMessage']['webUrl']]) in [Documents](#[flowVars['parentDetails']['webUrl']]) was updated by #[flowVars['detailedPayload']['lastModifiedBy']['user']['displayName']]"
							doc:name="Folder Update" />
					</otherwise>
				</choice>
			</otherwise>
		</choice>
		<set-variable variableName="eventType" value="update"
			doc:name="Set EventType" />
	</flow>
	<flow name="DeletedFlow">
		<logger message="DeletedFlow" level="INFO" doc:name="Logger" />
		<logger
			message="WithInDeleteFLow The tim is #[server.dateTime.changeTimeZone('UTC').plusSeconds(-35)]===#[flowVars.serverTime]"
			level="INFO" doc:name="Logger" />
		<expression-component doc:name="Expression"><![CDATA[flowVars['basePath']=flowVars['basePath'].toString().split('/v2.0')[0];]]></expression-component>
		<http:request config-ref="HTTP_Request_SharepointUser_Configuration"
			path="/web/RecycleBin" method="GET" doc:name="File Posting Message For Delete">
			<http:request-builder>
                <http:query-param paramName="$filter" value="(DeletedDate gt datetime'#[server.dateTime.changeTimeZone('UTC').plusSeconds(-25)]')"/>
                <http:header headerName="Authorization" value="Bearer #[flowVars.tokenResponse.accessToken]"/>
                <http:header headerName="accept" value="application/json"/>
			</http:request-builder>
		</http:request>
		<logger level="INFO" doc:name="Logger"
			message="The logger after getting values from recyclebin #[message.payloadAs(java.lang.String)]" />
		<dw:transform-message doc:name="Transform Message">
			<dw:set-variable variableName="recycleBin"><![CDATA[%dw 1.0
%output application/java
---
payload]]></dw:set-variable>
		</dw:transform-message>

		<set-variable variableName="Messages" value="#[new java.util.ArrayList()]"
			doc:name="Variable" />
		<set-variable variableName="url" value="#[new java.util.ArrayList()]"
			doc:name="Variable" />
		<set-variable variableName="DeletedUserName" value="#[new java.util.ArrayList()]"
			doc:name="Variable" />
		<foreach collection="#[flowVars['recycleBin']['value']]"
			doc:name="For Each">
			<choice doc:name="Choice">
				<when expression="#[payload.DirName.contains('Documents/')]">
					<expression-component doc:name="Expression"><![CDATA[payload.DirName=payload.DirName.toString().split('Documents/')[1];]]></expression-component>
				</when>
				<otherwise>
					<logger level="INFO" doc:name="Logger" message="The file deleted from root" />
				</otherwise>
			</choice>
			<choice doc:name="Choice">
				<when
					expression="#[(flowVars['parentName']=='rootfiles'&amp;&amp;(payload.ItemType==1&amp;&amp;payload.DirName.endsWith('/Shared Documents')))||(flowVars['parentName']=='rootfolders'&amp;&amp;((payload.ItemType==5||(payload.ItemType==1&amp;&amp;payload.DirName.toString().contains('/Shared')==false))))||flowVars['parentName']=='all'||payload.DirName.contains(flowVars['parentName'])]">
					<expression-component doc:name="Expression"><![CDATA[Messages.add(payload.Title);
url.add(payload.DirName);
DeletedUserName.add(payload.DeletedByName);]]></expression-component>
				</when>
				<otherwise>
					<logger level="INFO" doc:name="Logger"
						message="If the recyclebin details doenot statisifed the deleted condtitions" />
				</otherwise>
			</choice>

		</foreach>
		<set-variable variableName="postMessage" value="#[new StringBuffer()]"
			doc:name="Variable" />

		<foreach collection="#[flowVars['Messages']]" doc:name="For Each">
			<expression-component doc:name="Expression"><![CDATA[flowVars.url1=url.get(Messages.indexOf(payload));
flowVars.DeletedUserName1=DeletedUserName.get(Messages.indexOf(payload));


if(flowVars['url1'].toString().contains('/'))
{
if(flowVars['url1'].endsWith('Documents'))
{
flowVars['parentDetails1']=flowVars['parentDetails']['webUrl'];
flowVars['dirNames']="Documents";
}else{
flowVars['parentDetails1']=flowVars['parentDetails']['webUrl'].concat('/').concat(flowVars['url1']);
flowVars['dirNames']=flowVars['url1'].toString().substring(flowVars['url1'].toString().lastIndexOf('/'),flowVars['url1'].toString().length()).replace('/','').replace(']','');
}
}
else
{
if(flowVars['url1'].contains('Shared Documents'))
{
flowVars['parentDetails1']=flowVars['parentDetails']['webUrl'];
if(flowVars['url1'].contains('/'))
{
flowVars['dirNames']=flowVars['url1'].toString().substring(flowVars['url1'].toString().lastIndexOf('/'),flowVars['url1'].toString().length()).replace('/','').replace(']','');
}
else
flowVars['dirNames']="Documents";
}
else{
flowVars['parentDetails1']=flowVars['parentDetails']['webUrl'].concat('/').concat(flowVars['url1']);
flowVars['dirNames']=flowVars['url1'].toString();
}
}

]]></expression-component>
			<expression-component doc:name="Expression"><![CDATA[if(flowVars.parentDetails1.contains(' '))
{
flowVars.parentDetails1=flowVars.parentDetails1.replace(' ','%20');
}
else
{
flowVars.parentDetails1=flowVars.parentDetails1;}]]></expression-component>
			<set-variable variableName="post"
				value="#['**'+payload+'** was deleted from ['+flowVars['dirNames']+']('+flowVars['parentDetails1']+') by '+flowVars.DeletedUserName1+'  ']"
				doc:name="Deleted Message" />
			<expression-component doc:name="Expression"><![CDATA[postMessage.append(flowVars.post);
postMessage.append("\n");

]]></expression-component>
			<set-variable variableName="parentDetails1" value=""
				doc:name="ParentDetails" />
			<set-variable variableName="dirNames" value=""
				doc:name="Directory Name" />
		</foreach>
		<logger message="The path is #[flowVars['postMessage']]" level="INFO"
			doc:name="Logger" />

		<set-variable variableName="eventType" value="delete"
			doc:name="set EventType" />
		<logger message="#[flowVars['postMessage']]" level="INFO"
			doc:name="Logger" />
		<set-variable variableName="file" value="Deleted"
			doc:name="Variable" />
	</flow>

	<flow name="sharepointCreateWebhookFlow">
		<logger level="INFO" doc:name="Logger" />
		<set-variable variableName="webhookUrl"
			value="${sharepoint.webhook.url}/api/sharepointAndOneDriveForBuss/#[flowVars['setupRequest']['instanceUuid']]"
			doc:name="SetHookUrl" />
		<logger message="File Id---$$$$ #[payload]" level="INFO"
			doc:name="Logger" />
		<set-variable variableName="expiryTime"
			value="#[server.dateTime.changeTimeZone('UTC').plusMonths(5).format()]"
			doc:name="SetWebhookExpiryTime" />
		<dw:transform-message doc:name="Transform Message">
			<dw:set-payload><![CDATA[%dw 1.0
%output application/json
---
{
	"notificationUrl": flowVars.webhookUrl,
	 "expirationDateTime": flowVars.expiryTime,
	 "clientState":"spark"
}]]></dw:set-payload>
		</dw:transform-message>
		<http:request config-ref="HTTP_Request_SharepointUser_Configuration"
			path="/drive/root/subscriptions" method="POST" doc:name="HTTP">
			<http:request-builder>
				<http:header headerName="Authorization" value="Bearer #[flowVars['token']]" />
				<http:header headerName="Content-Type" value="application/json" />


			</http:request-builder>
			<http:failure-status-code-validator
				values="500..599" />
		</http:request>
		<logger
			message="After The WEbhook Is ::#[message.inboundProperties]===#[message.payloadAs(java.lang.String)]"
			level="INFO" doc:name="Logger" />
		<choice doc:name="Choice">
			<when
				expression="#[message.inboundProperties.'http.status'==200||message.inboundProperties.'http.status'==201]">
				<logger message="S" level="INFO" doc:name="Logger" />
				<dw:transform-message doc:name="Transform Message">
					<dw:set-variable variableName="webhookResponse"><![CDATA[%dw 1.0
%output application/java
---
payload]]></dw:set-variable>
				</dw:transform-message>
			</when>
			<otherwise>
				<logger message="F" level="INFO" doc:name="Logger" />
			</otherwise>
		</choice>
	</flow>


</mule>
