{
	"channelId": "Y2lzY29zcGFyazovL3VzL1JPT00vMTg4YTY3NDktZWQzOS0zYTQ5LWIyZmUtZjIxNGY0ZTZjYmFl",
	"integrationId": "Y2lzY29zcGFyazovL3VzL0FQUExJQ0FUSU9OL2UyMzcwN2U2LTAxMDEtNDJhZS05ZDJjLTEwNmExZmE5MjM5ZQ",
	"status": "ACTIVE",
	"userId": "Y2lzY29zcGFyazovL3VzL1BFT1BMRS8yYTA0YzVkMy0yNGJjLTQ1ZWItYmQzYS05ZDU1OGRmMmZhMjI",
	"instanceUuid":"1478526369",
	"messageFormat": "GitHub Bot :Hello...User",
	"configJson": {
		"room_name": "Vikas Rokkham",
		"repo_id": "60602511/User/harisheidiko",
		"repo_name": "harisheidiko/testrepo123",
		"user_name": "Surender Reddy Molugu",
		"owner_name": "harisheidiko",
		"authenticated_to": "harisheidiko",
		"repo_type": "User",
		"displayName": "Github 69",
		"notifications": {
			"events": "team_add"
		}
	},
	"messageToSpark": "GitHub added to this Room"
}