{
  "channelId": "Y2lzY29zcGFyazovL3VzL1JPT00vMTg4YTY3NDktZWQzOS0zYTQ5LWIyZmUtZjIxNGY0ZTZjYmFl",
  "integrationId": "Y2lzY29zcGFyazovL3VzL0FQUExJQ0FUSU9OL2UyMzcwN2U2LTAxMDEtNDJhZS05ZDJjLTEwNmExZmE5MjM5ZQ",
  "status": "ACTIVE",
  "userId": "Y2lzY29zcGFyazovL3VzL1BFT1BMRS8yYTA0YzVkMy0yNGJjLTQ1ZWItYmQzYS05ZDU1OGRmMmZhMjI",
  "configJson": {
    "room_name": "Vikas Rokkham",
    "repo_name": "harisheidiko/testrepo123",
    "user_name": "Surender Reddy Molugu",
    "owner_name": "harisheidiko",
    "displayName": "github",
    "webhookUuid":"9820162",
    "notifications": {
     "events": "team_add"
  }
}
}