{
	"hookResponse": {
		"value": [{
			"subscriptionId": "92a7f5b6-8ee9-4fe1-8502-804d08eee379",
			"clientState": "spark",
			"expirationDateTime": "2017-10-16T09:03:06.5970000Z",
			"resource": "72bb1d28-6928-4426-b18e-7fe2b00481d6",
			"tenantId": "68daa787-08ee-4f2b-a74c-74aa7ac8c174",
			"siteUrl": "/",
			"webId": "d1865c9b-4599-4772-bb26-80d48f715dcb"
		}]
	},
	"userEvents": "{\"notifications\":\"update\",\"item_id\":\"01R3SREW3TDFBGUVRIYNGZ6IKEHN3VQYN5\",\"siteUrl\":\"/\",\"sub_item_id\":\"0\",\"resources\":\"Worker.png\",\"displayName\":\"\",\"dropDownValue\":true,\"deltaToken\":\"1;%234;%231;3;72bb1d28-6928-4426-b18e-7fe2b00481d6;636306121016900000;51855903;%23\",\"selected_id\":\"01R3SREW3TDFBGUVRIYNGZ6IKEHN3VQYN5\",\"search_id\":\"\",\"search_path\":\"\",\"webhookUuid\":\"92a7f5b6-8ee9-4fe1-8502-804d08eee379\",\"site_modified\":\"false\",\"old_site_url\":\"/\",\"expireTime\":\"2017-10-10T06:46:26.754Z\"}",
	"instanceDetails": {
		"instanceId": 26705,
		"integrationId": "Y2lzY29zcGFyazovL3VzL0FQUExJQ0FUSU9OL0M0MGFlZTgzYTk3ZWQyNjMyNTg1Y2EwMTU1OWU2MDM4MmY1NTYwOTkwODQwNGI0ZmYyMTU3Mzk1ZjFkZWUwODVm",
		"userId": "Y2lzY29zcGFyazovL3VzL1BFT1BMRS85MGQ5MzYzNy1jNzlmLTQ0MDAtYTBjNC1mZGQ5MjgwMjJhNmU",
		"updatedDate": "2017-05-17T10:01:46",
		"messageFormat": "SharePoint Online Bot :Hello...User",
		"createdDate": "2017-05-10T06:04:38",
		"status": "ACTIVE",
		"channelId": "Y2lzY29zcGFyazovL3VzL1JPT00vNjEwZDM5ODAtNzA3NS0xMWU2LTg5ZjEtMjcyODUyZDVkOWU5",
		"configJson": "{\"notifications\":\"update\",\"item_id\":\"01R3SREW3TDFBGUVRIYNGZ6IKEHN3VQYN5\",\"siteUrl\":\"/\",\"sub_item_id\":\"0\",\"resources\":\"Worker.png\",\"displayName\":\"\",\"dropDownValue\":true,\"deltaToken\":\"1;%234;%231;3;72bb1d28-6928-4426-b18e-7fe2b00481d6;636306121016900000;51855903;%23\",\"selected_id\":\"01R3SREW3TDFBGUVRIYNGZ6IKEHN3VQYN5\",\"search_id\":\"\",\"search_path\":\"\",\"webhookUuid\":\"92a7f5b6-8ee9-4fe1-8502-804d08eee379\",\"site_modified\":\"false\",\"old_site_url\":\"/\",\"expireTime\":\"2017-10-10T06:46:26.754Z\"}",
		"instanceUuid": "8cfd41c0-3546-11e7-b259-069ec5a24dfa"
	}
}