{
	"channelId": "Y2lzY29zcGFyazovL3VzL1JPT00vMzUwMTI1OWQtMWNlYy0zNzg4LWE5NWMtYWExMzFmZjgwZGUy",
	"integrationId": "Y2lzY29zcGFyazovL3VzL0FQUExJQ0FUSU9OL0M0MGFlZTgzYTk3ZWQyNjMyNTg1Y2EwMTU1OWU2MDM4MmY1NTYwOTkwODQwNGI0ZmYyMTU3Mzk1ZjFkZWUwODVm",
	"status": "ACTIVE",
	  "instanceId":"13440",
	"userId": "Y2lzY29zcGFyazovL3VzL1BFT1BMRS9mMGU2OWMzYi1lMzU4LTQ3ZTUtODQyYy02MWMxMmRlNTVhY2Q",
	"configJson": {
		"notifications": "create",
		"item_id": "all",
		"siteUrl": "https://eidikosystem.sharepoint.com/sites/Testsite/SitePages/Home.aspx",
		"sub_item_id": "0",
		"resources": "All Folders & Files",
		"displayName": ""
	},
	"messageToSpark": "Sharepoint Online added to this space",
	"messageFormat": "Sharepoint Online Bot :Hello...User"
}